bmi_group,y_percent
1,4.468851230312703
1,6.669927435487714
1,3.513244126919478
1,6.4419768330213305
1,5.7222668595878226
1,6.242936944516038
1,8.81320081015933
1,9.342241219670981
1,8.249179805823482
1,8.441343081010096
1,7.138868448833116
1,4.445345638818326
1,4.604492195628613
1,5.640515247338362
1,5.465146061888794
1,11.605259748284512
1,8.26884767768766
1,2.675022008891756
1,9.586829922556605
1,5.826394308822849
1,4.014073373010909
1,3.5976474142328936
1,4.32949185224348
1,11.198601846460091
1,10.129657175602182
1,5.215913985974799
1,7.104355502612057
1,7.7359172365231395
1,11.306309147189065
1,2.2271501334350767
1,7.073349572923758
1,4.84087530238083
1,3.495618783608834
1,10.439168948064376
1,7.632624077992908
1,4.595030809736197
1,10.818700969155902
1,10.89300678377641
1,7.629509083894092
1,6.208010420114461
1,5.646134213175953
1,7.623271930573641
1,5.730494222971856
1,3.940757125825499
1,11.385430876167074
1,5.325537843266888
1,3.580053179120384
1,10.465531191308463
1,7.161679316453087
1,3.44272768763951
1,9.640951184848344
1,2.1062768106429535
1,5.77648248059298
1,5.993832965210179
1,2.2007549251006018
1,5.531131971697828
1,8.295308095736512
1,2.9892586829759593
1,3.49772154052853
1,1.6622024270578057
1,8.925835425649991
1,5.913555824941784
1,8.305661200627865
1,6.610752148586381
1,5.916508805811195
1,3.547430427656726
1,5.215640863338052
1,2.307450114658033
1,10.40395957217529
1,8.418847283929392
1,4.8144994481585695
1,7.954946817075652
1,4.139186557098617
1,10.96357671494946
1,10.717277328908812
1,9.445342639306453
1,3.5843841679424813
1,2.1941543230035325
1,8.051067409053248
1,3.7635635998908756
1,6.612252740123425
1,6.998444218754365
1,5.515802483102729
1,3.2015823557566008
1,7.971321518041085
1,7.656865089149865
1,2.8824468451878924
1,2.4086468797172977
1,7.547566227294581
1,9.631938415693606
1,3.0625278388487422
1,2.68302708329237
1,3.1683524226635678
1,7.912406131503285
1,10.718221520157662
1,8.489724492748653
1,6.363196913846198
1,7.785283803841628
1,6.9749411373385986
1,3.3488986281758852
1,4.2673495152636765
1,8.600279285754008
1,3.4772493670944606
1,7.68987296484697
1,10.165530664600656
1,3.2333777296076667
1,7.383252328537855
1,6.2024755696738945
1,10.670957948251974
1,7.687320424124151
1,3.3143749470902764
1,8.582783242286844
1,2.13800279979972
1,9.096033343845793
1,4.0187863712095595
1,11.4649028760055
1,7.5322416621798665
1,6.455456932844422
1,2.7709682828016065
1,4.912016032894458
1,9.115017750328148
1,8.061661375617412
1,6.254734253644504
1,1.5523645076547703
1,6.717313258399151
1,10.204529406410094
1,4.109716428274412
1,8.562850271225406
1,5.405615905136901
1,3.3785875944324153
1,2.9715430322841283
1,2.2102370279233723
1,5.948611382377127
1,7.73054127487551
1,8.206130958556367
1,6.502637753124762
1,3.5313665588931364
1,10.797382441074348
1,8.617270540578742
1,7.465719411498673
1,10.60592022906546
1,6.464347900635806
1,8.881142681098524
1,4.919902545465509
1,8.165337341905351
1,7.375112745710496
1,10.821471425677586
1,6.135516514900041
1,2.435784456658466
1,2.1262063340858717
1,8.83478871935714
1,5.395341462975997
1,5.834979087189738
1,3.3688097565225683
1,7.997865771486573
1,2.1837065702452465
1,7.743713704339164
1,5.42790375070489
1,5.480504355309976
1,3.0808035575846295
1,5.531964601517012
1,8.657892461509418
1,5.061282247649481
1,11.750382945789948
1,8.609490971151267
1,11.066219784477854
1,5.563822330726008
1,7.62503096637789
1,7.0786891619581
1,3.897177922261821
1,8.63617420456178
1,2.8892858562812886
1,10.882497786639506
1,3.9441836133141113
1,9.802647131823155
1,7.166118256728158
1,6.29051760136383
1,6.465498769796766
1,10.80012339001533
1,9.062055686786234
1,8.37217207576634
1,9.796402786268464
1,4.016453241794764
1,4.8449947500565855
1,9.492612565332564
1,0.7535454445625502
1,3.6788508397036868
1,1.9112851784799008
1,6.62256553196375
1,11.084358731086843
1,8.770070646620512
1,2.760726078391376
1,8.488814649645295
1,8.42476085732987
1,4.19943808150344
1,8.137876481958337
1,7.652793598529988
1,5.0582490659146115
1,10.987000875242783
1,4.513955740504036
1,10.95380872750744
1,2.5124455099953713
1,5.3480934556852295
1,4.449563148423218
1,9.229321308798982
1,1.3508162070314502
1,4.316921590350039
1,5.368097475498068
1,2.694820512998464
1,10.583578514997766
1,4.3590309875219075
1,8.288662593286912
1,6.039788367730818
1,3.596599605932557
1,4.169356302434794
1,7.317719797993011
1,8.633962401573237
1,2.948141242617238
1,3.2164305952958037
1,7.774491374360384
1,11.728395527330246
1,8.014850362441933
1,9.101809142572195
1,6.438128418734097
1,7.703594392375282
1,3.693499553865056
1,7.755994254496018
1,8.599174590442724
1,8.06080437333562
1,4.402535770970572
1,2.422087963543965
1,5.287654849116997
1,9.801172239284552
1,6.693162173871232
1,7.924969232630925
1,3.324407275768946
1,6.504703218055496
1,1.3762174579729267
1,2.5781652928477747
1,9.040459008113558
1,9.23586296814244
1,8.735089648929245
1,5.067204219421421
1,8.574608442772925
1,6.244102275945295
1,4.798885699983885
1,3.2130488847617977
1,8.918648057626113
1,9.217686842186394
1,4.320359477854687
1,7.470983494711572
1,8.65295836849389
1,5.076119897816701
1,7.526812408033955
1,7.309025972407184
1,9.065570744146235
1,9.584869526116934
1,5.839982876433041
1,10.158814033578922
1,4.314500775792382
1,7.663533447552256
1,8.890917166756017
1,2.318352878025173
1,8.371839127749004
1,8.765931079238966
1,6.78010994473986
1,4.562796245639474
1,2.656420230118086
1,8.050697575028941
1,9.652373715727574
1,2.4611159016881423
1,9.692985397996752
1,6.199854757858989
1,3.8821989459636317
1,1.226386747013485
1,8.5535510235137
1,1.2710688882702543
1,1.359960377415555
1,6.3339227195572505
1,2.765659421568758
1,7.913288402237042
1,3.3673689671163602
1,8.69825019926024
1,4.582174895759334
1,8.779428281633916
1,2.680719858752416
1,5.641143543480415
1,4.843618077092755
1,10.893884319608443
1,3.5262244027394845
1,1.7294214423946734
1,3.1321281157162297
1,9.582273495278946
1,7.431732651058027
1,7.942502202402743
1,7.137707913831732
1,10.940320659240921
1,2.1847208403022265
1,4.9706786608051186
1,4.669801446342178
1,5.576398894092834
1,2.1672180391607276
1,3.995543784854692
1,8.08697815007444
1,9.257838254886027
1,8.719098898037881
1,2.401307387560533
1,2.203389426919731
1,3.522070782274633
1,4.801215171294708
1,10.477983004765633
1,5.557673260375297
1,5.392975036361208
1,4.452993867386638
1,11.387133995621342
1,9.76457811311399
1,6.072075983673974
1,3.0203764954904164
1,11.570956701604185
1,8.18398488679402
1,5.6760148889117685
1,5.6941712312164015
1,8.027602243411577
1,6.029940559298068
1,10.904783958938683
1,9.364473130033796
1,8.664742881222907
1,9.469345598735314
1,4.255344088943465
1,5.182718723781247
1,7.742422160052076
1,6.355343391961668
1,8.796635840354286
1,10.218030987701596
1,8.827157104450126
1,2.998465298066419
1,8.402517281945286
1,10.2522357155919
1,6.479673179709106
1,10.635948486274767
1,8.292731631741164
1,2.764792130460279
1,8.92921783329667
1,5.991535822729986
1,8.705128445540685
1,7.623590491991308
1,3.2621323150029427
1,10.424102119065845
1,3.5836627886713854
1,1.6810552145741877
1,8.101090594966685
1,9.413841311785351
1,5.803899498733799
1,9.31896139487653
1,9.28357747557014
1,7.991732712825409
1,8.68673838382208
1,5.197567208723166
1,8.381234722504894
1,3.474597861141382
1,6.863831573948776
1,6.030121018519677
1,5.765756768388784
1,7.8704497901507064
1,7.946693304745618
1,2.307946074553004
1,7.265129594851903
1,0.9703067292681333
1,6.630276997207468
1,3.7716305477140004
1,3.1052650252692557
1,5.677152370164612
1,7.007650752224256
1,9.917434004052943
1,5.3834241011878845
1,4.4573426621233665
1,8.5267827683188
1,6.050181638695068
1,7.096580534535205
1,5.255907887494326
1,8.621322030862556
1,11.208452985048648
1,9.794927280769691
1,9.727168220010826
1,9.000311490689253
1,1.7281463278382128
1,9.65801203180312
1,6.227575609401124
1,9.814824798459341
1,9.085591859903298
1,6.700308205457842
1,10.349906994465169
1,5.348525770998531
1,9.06570598356624
1,7.796132796753365
1,9.136376401655808
1,8.891930555900519
1,8.647063079791023
1,6.53636687034999
1,1.601073343979755
1,5.882611210117399
1,3.435568446351182
1,6.550464041091179
1,9.529626931009707
1,4.540894746767976
1,2.257652292076523
1,5.116405291416244
1,5.615338125891418
1,6.560626249524626
1,3.9234522815927733
1,10.308136962229687
1,5.569372175017986
1,10.534284995887358
1,8.46198852550952
1,10.196190743093874
1,10.075735649899288
1,6.6466188221751885
1,3.1235817223080966
1,7.017111910300585
1,11.953802692903995
1,10.249508904575062
1,10.321221241414795
1,8.33799508071927
1,8.811674802856542
1,9.108389327083989
1,10.051126393513352
1,5.378868413659169
1,5.446073946614095
1,9.50208802604486
1,4.1797774461309585
1,2.7042804319284324
1,7.6712777748515535
1,9.64169816407528
1,6.810061983546073
1,5.347413062524728
1,7.921913931676356
1,4.458268128938155
1,6.94905670069058
1,10.090825315683539
1,5.277312561021878
1,4.728689446946984
1,2.8151959455102467
1,8.997077135230674
1,11.489989221199965
1,8.836181158488838
1,9.614842113027185
1,4.9288102971052625
1,6.561598357504202
1,9.411711276118668
1,5.775804616787104
1,9.57905431632898
1,8.55694045437394
1,8.969247884784021
1,4.662894085678857
1,10.553148461070958
1,5.250565885001885
1,3.0932620631369647
1,5.968807966984291
1,9.317259355973535
1,10.96776230468061
1,5.054487760761755
1,9.339487328465259
1,2.885983188646182
1,7.780967989768139
1,7.645934989760046
1,8.990274147517662
1,4.953655507109791
1,10.93624788847436
1,11.164851369553588
1,4.828635889679742
1,6.309324741398458
1,6.752926615560191
1,6.214927524249413
1,4.2676167526102855
1,5.014379815879215
1,8.935252152004937
1,7.689293940392657
1,2.518610007294983
1,8.783738904636612
1,7.574952430962893
1,9.27010342892086
1,6.064766980982561
1,6.4042406999287325
1,7.103356078046288
1,3.208459510397304
1,7.362317774300522
1,6.475647280568187
1,8.098597341683186
1,7.75054346941125
1,5.85062065723803
1,5.906798333407663
1,1.7924199587999399
1,2.6940219469820033
1,7.822678989455202
1,5.708267965072707
1,6.166900852848925
1,2.1301767660701656
1,4.898994098576716
1,9.902906758158199
1,8.674449315665704
1,4.817082201832139
1,2.560050731144988
1,7.46414835895058
1,5.2935901626292665
1,6.812685364424114
1,6.841343982165328
1,5.718545535647008
1,10.11553366840823
1,9.257015899651133
1,3.0209338627294504
1,5.831001129730334
1,8.213925624544531
1,7.340579645903231
1,4.347924168094204
1,10.429559259703069
1,5.035721115355904
1,9.460579628681721
1,8.999606495216554
1,6.063062263762523
1,8.360548211579722
1,4.253879309274259
1,8.225603833157217
1,5.142731596385075
1,7.865078148749738
1,8.695678974830768
1,10.961361729426821
1,4.1536681441930146
1,9.092534679378568
1,4.770480156251512
1,1.432468862808965
1,5.698201764787694
1,6.465909978778833
1,7.246858470841143
1,9.217448957168756
1,10.49358513399448
1,6.305845253905921
1,2.9569716320080435
1,5.804443221323577
1,7.21580646319461
1,10.826695899849748
1,4.697016155246167
1,6.00651325229297
1,11.463178237491082
1,5.381671711538046
1,5.324874661529352
1,10.859953935363935
1,4.3703399906776195
1,8.130024595760421
1,7.626639471105213
1,6.3748515108278605
1,7.229879751666036
1,6.028643761588704
1,8.338711416244644
1,4.3258925325695285
1,4.571585191346356
1,3.701955487523989
1,7.6590387899775925
1,2.8104490061212677
1,3.8551848950551237
1,7.018146722413014
1,5.1635155426011785
1,7.566836289555543
1,4.53664855119131
1,8.618921226205853
1,9.113803668337681
1,6.670247738763046
1,9.2552647812995
1,4.659823129082728
1,5.3707325369326195
1,3.9868451241843945
1,6.376405981076506
1,10.036777934053733
1,9.935155742575144
1,2.0621450697349406
1,4.07839874352326
1,3.25789050499328
1,5.377960470513137
1,7.327676317912661
1,7.864432861379876
1,8.287353580677646
1,10.343520894473436
1,3.833114092940518
1,4.684291502858738
1,10.314593936602785
1,3.1810727561382524
1,8.463249455748498
1,6.886753836272009
1,5.481805269081956
1,5.682863763458224
1,6.113266400721434
1,5.65613799656411
1,10.702835300293133
1,2.443820688239983
1,9.382340435377222
1,8.47384770876604
1,2.614108052182501
1,8.306601089641342
1,4.102507340953669
1,6.763306999495295
1,4.0979594129344425
1,3.7034403163412755
1,2.05483334335141
1,7.824409880067292
1,8.425848898874479
1,7.353923276802082
1,4.911922844645052
1,4.2722227659285315
1,1.555022382213308
1,7.252313821065155
1,3.3300607263144326
1,7.446848208213177
1,5.236593299560342
1,11.326501286688684
1,4.60035309882517
1,10.138303997444435
1,6.420764759982639
1,8.923145900420224
1,8.787502687658073
1,7.7698134681680795
1,5.3128001543607155
1,4.04426890502627
1,8.36792602231783
1,6.210006327917543
1,6.545727243185313
1,5.333081940462195
1,9.439616929488631
1,0.9769000574786668
1,4.481087244126616
1,3.2585408475010773
1,2.237979699701018
1,6.077038913982107
1,2.7422169454711693
1,10.086298028449018
1,3.50488847556555
1,8.496051764000448
1,5.2897941522212975
1,11.307351703942373
1,4.216080804027299
1,7.906136989163078
1,5.076936999870832
1,6.028712771105663
1,6.958246736709276
1,10.203010668098603
1,3.267676202004075
1,10.657461895163683
1,9.237201432859925
1,6.003018848613145
1,5.415948732462171
1,5.490592710529747
1,5.406059671810113
1,5.981701492779962
1,3.4512890931766216
1,3.7000778683549873
1,5.6922714792334475
1,7.384112222226941
1,2.8805297817002513
1,4.527087858174644
1,4.080553527001125
1,5.86644107826016
1,5.51514106034713
1,4.595851830011492
1,2.049016901656898
1,3.599046171501718
1,11.310673166105964
1,10.194692649126683
1,1.9321712622660208
1,4.282304623517877
1,6.2763515583927125
1,10.873883869132538
1,3.059182922303497
1,5.149596974251249
1,2.679293563213203
1,8.736547029423422
1,6.1244785982678485
1,3.114237822861408
1,8.514889572422073
1,7.57992441555699
1,8.345285821506618
1,6.4571115314334335
1,6.185216196420265
1,5.7210613046288135
1,6.234464873204222
1,7.500967870518794
1,10.875547229719835
1,8.243035973219577
1,10.047679257063749
1,10.721569626878841
1,1.789859743057206
1,2.6804161374918314
1,2.2073968745560006
1,2.2373798773292592
1,3.017258904576578
1,8.27394571541523
1,5.035857789364034
1,7.766807180190311
1,9.900093982559827
1,6.8289878950759135
1,10.533022248414571
1,5.549207824229779
1,6.2825565509039585
1,3.413784702200663
1,7.316366761435728
1,7.243985951425033
1,5.8201245839942874
1,2.8379039363334493
1,5.2199407029676905
1,8.710305109957353
1,6.621611648042002
1,10.939729104928073
1,6.220836567606113
1,8.728929908386952
1,3.063179764337655
1,6.92303590671077
1,8.066587182044987
1,4.168154579237266
1,4.51842971836778
1,5.114820566121813
1,10.48178867517225
1,5.621768476696395
1,4.785445739192991
1,7.206233363015765
1,9.06229878775726
1,6.890842004827965
1,4.298546602298731
1,6.743967053964913
1,3.1536856162316664
1,3.249515625985757
1,7.537509789621355
1,6.510276443785014
1,5.851395533284439
1,9.058497834939894
1,4.605000347213791
1,2.4781882093009964
1,3.5277043886525017
1,8.848595882026666
1,5.894013265145564
1,7.23767228796093
1,6.958764604014647
1,10.677746924247602
1,8.38881456866831
1,8.563050135698058
1,10.424979081107635
1,9.038111747895318
1,5.578822508891047
1,9.757900626075113
1,5.771023046343774
1,4.213032176024396
1,7.874778270124866
1,3.9225450590204005
1,5.578137272374896
1,5.752501987253848
1,9.221872161558387
1,2.911835180467465
1,7.621820952080981
1,9.980383876629407
1,3.098426935906765
1,8.660918080069512
1,7.8785560544037105
1,8.136491083967694
1,4.938763330820072
1,6.214728800791244
1,4.668587506591767
1,9.460872456880885
1,1.5078773030986374
1,2.1717861986392104
1,7.035632729149624
1,5.10703587330157
1,3.4164817511054943
1,3.1656519738023214
1,5.365254375784483
1,10.745754071676416
1,4.473937503120402
1,5.435791881441053
1,4.33380302276573
1,3.210912591271359
1,3.3519524833646286
1,9.665704139093883
1,8.06521991492032
1,11.002761296055894
1,2.8212023353157134
1,9.774729445726168
1,10.388942384167827
1,8.854337741971802
1,6.54031056667711
1,6.129103216396682
1,7.564223487590327
1,7.759931522758857
1,3.561099659517935
1,9.613641976338313
1,8.047449846496193
1,8.353640231166604
1,7.669671997252889
1,5.913569743682764
1,10.479743129278935
1,4.681367553157489
1,7.012505344062811
1,8.614604523254098
1,7.96708047263924
1,3.0527867534601763
1,6.597836502876667
1,9.021201482941747
1,2.7466144084287567
1,4.5754222124433355
1,9.971030685002868
1,3.8672978584797013
1,2.5013682878927526
1,8.501607480212366
1,7.924973937942831
1,8.634187367078324
1,9.350725543985638
1,2.831885849683545
1,1.710891446109226
1,2.3222448236686937
1,4.257354814222333
1,11.172939396769165
1,9.338217994558978
1,5.040366808565725
1,3.2311242730756424
1,6.395586579807123
1,7.8989142179096445
1,7.634786144716441
1,6.355798589263166
1,8.315715879881706
1,2.9742307326448927
1,2.832885917061522
1,3.8124152142662413
1,1.8940430727856863
1,5.20697074043064
1,2.159534295687876
1,8.298854278459217
1,8.420662860592104
1,8.932226710067907
1,6.811625257776956
1,10.783356573669849
1,11.024411251032753
1,5.934029842556882
1,7.994353835615656
1,9.294268595175689
1,7.011915729393587
1,4.062505800440052
1,6.687477681815323
1,2.382842591134715
1,3.629466818892551
1,6.457677417243925
1,5.564178659084459
1,2.613619061857971
1,5.83006452811343
1,8.510663008829797
1,4.516900661013084
1,9.452209931721805
1,8.481342123334047
1,2.962210039811293
1,8.870615862048542
1,5.815974491922773
1,7.1894022456931665
1,2.7174982966523045
1,10.408022991194027
1,2.4429718946885144
1,9.041716213857221
1,1.6715577685748164
1,3.633573151160972
1,6.702659959806064
1,8.775737254411698
1,8.963653459737035
1,9.853830726493126
1,8.668515674607502
1,4.712450185318792
1,3.0805776024097185
1,6.91799179281876
1,6.250647865965151
1,1.9080518805038704
1,8.35112263076108
1,2.7990673136268116
1,6.014895380111445
1,7.452627396187132
1,7.578835260196005
1,6.664302536898532
1,8.65304543145767
1,11.356367151460427
1,6.015802668418582
1,4.04631412533633
1,3.059748783835614
1,11.059745360711982
1,4.5832419661588375
1,11.69464070720029
1,4.934966840585441
1,8.022210491432059
1,3.6154167172011547
1,7.0502922847561145
1,10.780199698743274
1,10.194453014531117
1,9.629277407692928
1,6.790721126741026
1,6.073082149085627
1,7.239499525319147
1,10.508290561174915
1,11.532546846796947
1,2.9093368264587363
1,1.6045563780298981
1,9.95981352542206
1,9.648176211365062
1,7.947170752368208
1,11.450402629187984
1,7.106839939177703
1,2.1018252718442607
1,4.872457952975603
1,4.544426776894207
1,7.789830646403951
1,3.604331589345354
1,7.495230961202285
1,10.058511050149775
1,5.49280747156772
1,7.169799891556303
1,2.1924351216099303
1,11.675987224077826
1,2.447264825903847
1,2.2876137469968105
1,4.492164861961752
1,3.7139516988674597
1,11.305119919168956
1,6.703173888840846
1,8.941664769395972
1,5.912668196900897
1,1.5867523365428828
1,10.286741634585987
1,8.703000113179817
1,4.4762273422371575
1,11.293683527269607
1,2.3060688370387563
1,5.135727667864778
1,8.62518902479915
1,6.193554372667256
1,9.897685696228564
1,5.526167094026631
1,9.990397412236446
1,2.0817526107925484
1,10.062980761302047
1,6.860342556816397
1,8.298496708029896
1,4.688305197351182
1,9.001785815467324
1,8.922618880911527
1,7.534282157894178
1,2.4712607341650585
1,8.908495914660746
1,2.0494244831201907
1,1.9268085760883156
1,1.4468649737232642
1,5.769737181172076
1,5.297680445054392
1,10.953255897713127
1,8.497067658354009
1,6.091172417189471
1,3.488236702372723
1,8.5309680907476
1,2.9149365838076577
1,5.5226672078219305
1,9.713739282960526
1,5.653447341314378
1,6.824720570573072
1,3.07505938201648
1,10.548852382767153
1,2.2292238763895207
1,10.072142421020724
1,2.8293317027911518
1,6.5967115243966825
1,11.022366918286346
1,4.927723207727214
1,5.037714593055043
1,3.2215776861985352
1,9.4552300455225
1,8.236935786522626
1,6.178376327672573
1,7.396005773040146
1,9.103684257802884
1,7.750277228099723
1,8.75841139725734
1,6.924467576343451
1,2.8799111142940714
1,10.69307677531472
1,8.65611894033594
1,8.167744912026274
1,5.813476682544444
1,6.181726831215732
1,8.283450050042383
1,8.31105736830548
1,10.211862065944839
1,3.5586224201344976
1,10.214327364770305
1,2.5335892537774947
1,10.691913769499001
1,9.180784829536234
1,8.934912962192191
1,7.766001359045984
1,10.387736928816825
1,8.63915066056076
1,5.97451511410784
1,5.606837492274517
1,10.756972461628418
1,9.218470234275834
1,3.675505049120948
1,6.823315444434838
1,6.781229322683205
1,8.76399576166874
1,4.83207429194544
1,8.932504605637842
1,7.366998488490401
1,3.4944360314381875
1,6.211258378348989
1,8.095552104170624
1,2.997437083991692
1,7.043414883545819
1,4.884936215301545
1,4.71764577544954
1,4.465696344919259
1,7.360898414005727
1,10.498570955396817
1,9.099011804855383
1,9.039265329471487
1,5.8654599534898875
1,9.275988194993351
1,8.463244444843196
1,8.144011902556347
1,6.836391046539243
1,6.780154952404225
1,8.799799236457009
1,5.371865093446939
1,2.5036092303670774
1,6.057481866110813
1,5.142850164500659
1,4.893658964299325
1,9.237576528144713
1,7.784475576316921
1,2.7699432375470985
1,7.318528095524293
1,11.619428901031565
1,3.020025945200201
1,6.959330611658454
1,5.249910017405763
1,6.340339503979575
1,7.237036941708807
1,10.423424243769638
1,5.162694785416772
1,4.8800567123570975
1,4.107565593372626
1,2.99511985700478
1,4.103995702592036
1,3.208400483783642
1,8.569863336518841
1,3.1352561839577264
1,7.605089407337595
1,5.11543421546958
1,7.753145770591349
1,2.5881288169083505
1,9.316073927736566
1,10.006369212864211
1,5.499614767662532
1,9.94571544182482
1,7.956053784969582
1,5.282647278990778
1,2.82716468273302
1,5.903243452726594
1,4.401488567757683
1,5.140684711009491
1,10.949980409631932
1,10.141000299311434
1,5.595762162065322
1,5.173908447010152
1,5.708534058699745
1,7.312823389646229
1,2.6443133534455856
1,10.685602825165308
1,11.011510290593334
1,5.329680856207855
1,3.227221672835758
1,5.215316550327034
1,7.466088224698936
1,5.623153035900208
1,4.996646821642246
1,6.227167075452538
1,5.67797988274158
1,7.714590422530254
1,7.655508619968194
1,2.842011977117756
1,8.13301880363289
1,3.0516578656821896
1,10.931034242739859
1,5.3302481374505915
1,7.59387781926989
1,3.381823856027925
1,6.783065460161309
1,9.064967613319983
1,6.512335010104898
1,2.721589210014128
1,2.708519606496587
1,10.583524081616453
1,4.905018083311995
1,7.299895786394862
1,7.567664053054064
1,8.341395026018734
1,9.40102692471098
1,7.985565106530809
1,1.917779791207863
1,6.473869669999884
1,3.3957198673300777
1,7.549177562155815
1,10.105323885926497
1,3.2423453405728573
1,3.3639874752335186
1,5.559260856307035
1,5.909238589872195
1,10.89223355607856
1,5.00368879527359
1,8.532507647304374
1,5.261338756838211
1,10.605379260647119
1,3.815278300132233
1,7.810236380746224
1,8.088067400030553
1,9.823914400673033
1,2.485176600994997
1,6.579081799610568
1,5.242871348599998
1,3.212925680832782
1,3.924860556538364
1,7.046685968200414
1,2.26559028397289
1,6.286448466273474
1,8.491459188406228
1,5.852003767492985
1,3.9811223812696133
1,8.775069357170258
1,5.57190943074767
1,6.121564100488024
1,10.203985799625679
1,4.915315342263186
1,4.383330770489032
1,1.9789072412913675
1,6.423758131869751
1,6.858446356804688
1,2.3516583998888967
1,8.616110143897668
1,11.249120950319902
1,1.7460046329075531
1,6.509343023121874
1,4.947017108451226
1,6.830566033435183
1,10.794768934718183
1,8.378963827037483
1,8.656493995578169
1,2.2721307445970886
1,6.805818867353233
1,2.825908342243034
1,6.2389566422629015
1,7.063994934601148
1,8.272067546227083
1,3.6321484148853385
1,3.0586261749197656
1,5.261497665020159
1,10.708514252461464
1,8.768231430283347
1,8.401713925052576
1,7.606343592777339
1,5.056707135637288
1,4.559577260509966
1,4.084962195614409
1,7.249032706406681
1,9.7664455520163
1,2.1587667920302316
1,2.5109790980331956
1,7.32153758918769
1,7.043874872517446
1,11.099005398846389
1,2.156191762803922
1,5.488823180973411
1,6.005323294799426
1,9.768084727724418
1,5.432341014055489
1,8.437804875544495
1,2.8117017566227247
1,4.6820764763262055
1,6.917708754552958
1,8.907825133235116
1,3.8303191712385374
1,2.9602667022938642
1,6.402772103915241
1,3.4300967855442863
1,5.936419275156504
1,8.249772272008457
1,4.44469171532383
1,6.253487241957779
1,5.091195225184645
1,3.403189172249033
1,5.505429112030388
1,4.489587227484169
1,4.754448656757097
1,9.181473053693118
1,9.019562410725515
1,7.060365931393963
1,3.500441464512398
1,6.837365551877979
1,1.1748964307947054
1,4.474602332128472
1,1.9894568632174656
1,5.571736350504438
1,3.5756930362210264
1,4.825831324693384
1,6.028779322755817
1,4.398828697511507
1,5.237654809452834
1,6.848532580090621
1,3.1058252020376034
1,4.084278186027405
1,5.458493415346042
1,4.323426935182066
1,2.260909011365362
1,5.880179255471731
1,7.5883507141755
1,6.518907069274264
1,5.975214260770787
1,10.596181077082456
1,7.316057112675713
1,11.388538062916531
1,3.4785411251785634
1,9.379289526821328
1,3.9359723202865182
1,4.059006881097325
1,5.483054117242109
1,8.24238318838025
1,5.403876841959752
1,3.566067463623758
1,8.924678947831499
1,4.504689596775682
1,8.363231187686784
1,5.822536673723022
1,9.108689097748782
1,10.867758123547722
1,4.727446350695901
1,11.452283548106221
1,6.2855699233432025
1,8.394792629376889
1,8.218998649152956
1,1.7285462577840516
1,6.133091798760984
1,6.10968980847141
1,6.965614873340775
1,8.001379239636726
1,5.76714900560866
1,3.229006582332482
1,3.4830114527726126
1,12.103529933264367
1,8.874928484122389
1,4.970289842460537
1,8.258825329123681
1,6.366905373734767
1,6.550989741753253
1,2.385332994654739
1,2.124978030521885
1,4.716471059535872
1,9.415147532895093
1,8.115931633326099
1,3.4466983986967064
1,7.024440210867082
1,3.3311744616389767
1,6.466433522322178
1,8.435498233009803
1,5.456703373668219
1,6.189941824819633
1,5.154447230545778
1,8.731594198728963
1,3.788503480359803
1,2.2030412377431334
1,5.742322987732182
1,2.3068060393164007
1,6.9079081560135585
1,5.440121879677952
1,10.253200217176547
1,2.635706216048542
1,5.968077380874705
1,11.856518787491135
1,9.041823087492885
1,5.241807548124743
1,2.8246393503048766
1,7.468657917848985
1,7.4871493826702515
1,5.550199199980387
1,5.968025528994407
1,6.50685743108475
1,9.543567739414701
1,3.8966090309549335
1,4.796977933033785
1,3.0505010876200185
1,8.524185938765985
1,2.3616433522122855
1,2.8299402678737486
1,3.0366990809500436
1,4.815538126995947
1,8.398132424078328
1,2.3700309635152843
1,11.394244180179049
1,1.9954921260711942
1,9.383988143701094
1,6.687084170955306
1,8.365087528975213
1,10.898501609368253
1,7.919062406634284
1,10.857487029199286
1,7.801090716503529
1,9.435314261714746
1,7.95336311194395
1,3.2679672596759115
1,1.9900721785955104
1,8.790611352991645
1,9.466442743503888
1,3.3379111842848777
1,5.298851172406564
1,9.30201562772243
1,8.718646034191197
1,3.7072293727531793
1,5.315913242903999
1,7.3857936020809545
1,3.6626967361442473
1,3.030059396184089
1,5.4365278079519594
1,6.033919697624123
1,1.968755908389926
1,6.376880961593796
1,5.6377163134151
1,4.444273468047439
1,3.574677697002457
1,6.557171855225414
1,10.246421748881549
1,5.261031692072924
1,9.521072202138011
1,3.173693082002539
1,3.1910925481356847
1,5.215882723443005
1,10.193781393269752
1,1.1902836478864196
1,6.8477033775058755
1,6.7141884697545375
1,5.40513965673201
1,2.6321957793110227
1,2.9935542152444143
1,6.486555942432798
1,10.914263523978871
1,3.802588021378508
1,6.264122074541422
1,5.6512782737466285
1,4.11279257653979
1,8.131679236930914
1,2.7962925586289633
1,5.575632807392572
1,5.510029925383453
1,5.147730247922637
1,6.491606067246877
1,8.810144213754612
1,10.535034733495962
1,8.628356302420261
1,6.172811164343219
1,2.344678206260692
1,8.598755357865294
1,8.173723438819595
1,1.2551455982791409
1,1.495779194959984
1,2.423266264495119
1,3.4921848192364764
1,6.924893027179664
1,1.4844728989451068
1,9.619563208188918
1,8.211836928118958
1,3.6454116621976214
1,9.512125356130634
1,1.625041217646439
1,2.2267390745420417
1,12.277905197040887
1,6.487915717643131
1,5.447312729044365
1,7.455082684846585
1,7.902879203984451
1,4.177100840356269
1,3.839115754325633
1,3.606541566416257
1,6.6791220683893195
1,4.372198387688595
1,10.375324205284896
1,6.182499815921954
1,4.179226514018763
1,4.719572806083438
1,10.208182496991157
1,8.714640011199144
1,11.09429240258054
1,3.743232358113639
1,5.94865042357054
1,6.610779890404427
1,3.676413047547073
1,7.078348135767721
1,6.448822147930504
1,5.945131292021137
1,10.360710086521118
1,7.320141805530677
1,6.947784773520581
1,2.8084025619965183
1,8.675818765211334
1,5.312119925847883
1,6.89521508254866
1,8.86830596773082
1,10.770356878906629
1,9.570702508290262
1,5.242597386657467
1,11.025221397153068
1,7.632075170793208
1,9.441883593218217
1,7.566744777381652
1,8.738130547477255
1,10.359805103139564
1,7.905746812121175
1,10.750834351019895
1,7.051987804129454
1,1.6379490379855863
1,4.8267637860276
1,4.745650732128019
1,7.450292310537124
1,2.5115509422731237
1,4.028966638215101
1,8.649429817092601
1,8.23902304882887
1,6.21429904362381
1,10.226585535642666
1,3.916353888169027
1,7.681735294301664
1,1.4180856185985027
1,6.853315606003779
1,7.681106770285754
1,6.056306324064679
1,1.5545251124721564
1,9.34921165149293
1,2.7196880951639253
1,8.750824899083478
1,1.5499672950942045
1,10.091309470468207
1,7.3007261218472275
1,8.587736964698081
1,4.279462458115029
1,5.68931579928068
1,7.680485166328199
1,4.14184646491685
1,5.120765978532585
1,3.5345069291230757
1,2.7239669082257985
1,3.652469425282867
1,9.166798197961548
1,4.0858731524854015
1,3.941543095204363
1,11.175862425044127
1,5.50536478224682
1,7.87514305819574
1,2.91987027758619
1,2.2945181721934778
1,8.91359334487623
1,2.421432678767169
1,6.975034911312903
1,3.8815889496411073
1,8.156739805996466
1,7.310047534048353
1,5.210959634076952
1,6.216763874848577
1,6.976692303038628
1,8.60885879988767
1,10.983429320974976
1,6.19657400643128
1,2.9725009644558154
1,5.291347188973585
1,4.253718772825126
1,2.8587265417396246
1,3.3492198573288805
1,10.942431255974574
1,5.307765315944335
1,9.106935186920559
1,10.115977939209785
1,7.839037314931133
1,1.8405557347966155
1,6.056430906085934
1,6.268477085569247
1,3.1377713119370547
1,3.9178012524474974
1,9.920639247831858
1,5.033464275830835
1,5.098018417724934
1,5.550284228105216
1,5.402933002221113
1,2.5983588323303506
1,3.347712141744713
1,9.605170172089583
1,8.757828515684402
1,8.719449815449329
1,11.084031678551593
1,6.416168106146111
1,7.355016962483094
1,3.8436434000873403
1,2.5576622456883067
1,8.854831375085306
1,5.4616508806589845
1,3.146274960656359
1,7.874181405592777
1,8.17606571728988
1,10.513127351571935
1,11.54401050796458
1,2.962262701012052
1,3.916241116806156
1,4.4792836023455145
1,10.185017343094318
1,4.795366050677475
1,5.3917232156561345
1,2.093538389520667
1,2.819939258789275
1,11.44266811082639
1,9.563418980319012
1,2.502803823903455
1,8.64680853086407
1,7.937777950797769
1,5.889236812825178
1,5.248274253884579
1,3.9936718532841784
1,8.624043641293618
1,5.8926657578708035
1,12.013097493856284
1,3.212411778568088
1,6.608266256313292
1,5.749783902948915
1,9.185982329179625
1,3.335397462788849
1,8.144059441772535
1,3.709718116835599
1,9.121872548614302
1,6.60775786424461
1,4.623955539827554
1,7.248375014903791
1,7.744259460436011
1,7.060213164689641
1,10.94369767828562
1,5.209401986133182
1,2.8700715097418046
1,4.308256011224789
1,4.037304839881933
1,6.582620585924121
1,7.3554838577338195
1,3.9945015117639913
1,7.658652626748746
1,8.383470774599035
1,7.8139364495760715
1,1.945352794572261
1,11.113528629857758
1,7.249092873754529
1,6.503225433111132
1,6.299209674587857
1,7.974025026779657
1,9.429683569312255
1,7.037240202126988
1,6.053237665520797
1,8.492993325415275
1,8.358741462282062
1,6.949933537235471
1,6.016317291087525
1,7.438025145749833
1,5.107632702769142
1,8.397831228604426
1,9.234979084641283
1,10.680441505908226
1,11.153570569322213
1,5.3197675874233825
1,3.4054743264185663
1,6.585778240674163
1,8.891327376136182
1,8.994570838003732
1,9.889537131070115
1,7.040208519699598
1,8.966897680893846
1,8.23889038233231
1,2.1640789302192305
1,6.029711852368441
1,11.250804363780436
1,9.140265680261578
1,5.753018763514069
1,7.035141122913688
1,8.022840382430362
1,5.791877284544379
1,7.643028817603603
1,4.072259587299781
1,8.695313079846416
1,10.302369640825678
1,8.10682326033187
1,1.1655492025288714
1,10.469390844270972
1,10.151490809236178
1,10.207209841656331
1,11.624777924687319
1,9.873691455345732
1,2.2354124313596913
1,8.29472383615739
2,8.847219607789505
2,9.660856319462239
2,8.848742249344973
2,8.38616401335512
2,7.975864765361631
2,8.387490566909841
2,7.443036817022467
2,6.796217797835906
2,3.1466470402346163
2,6.374831598002237
2,7.699274494939808
2,6.60240194904415
2,9.360944141519065
2,8.390296540399843
2,2.8620141792591403
2,7.792407950096689
2,5.427931871876587
2,4.159452800883999
2,3.4530785962071255
2,3.035483053143197
2,5.566945335120556
2,6.127445389802718
2,8.89400149265555
2,4.965355442666301
2,8.674135554234029
2,4.294258937704529
2,7.94980646229817
2,6.773081181990549
2,8.789063999390814
2,2.465891673826458
2,2.496533425906569
2,4.217688213486839
2,5.2197959579498665
2,9.349762860901428
2,3.9955370115640005
2,7.6428770553321375
2,6.342325843899989
2,3.9618495715990782
2,9.448454660518609
2,8.59961333498179
2,2.9553508396724504
2,5.220279624564126
2,4.543642042134915
2,8.471438384290412
2,4.157079377777728
2,5.893931648450513
2,6.508376928136717
2,7.851488469142815
2,8.24030248466502
2,6.911536556650183
2,7.2188773624006375
2,6.05947701101583
2,9.63370674307097
2,2.3495709401245697
2,6.0189780673712
2,2.60839348896394
2,2.6215288241284167
2,9.093614199657909
2,3.935304300742719
2,2.672802664542046
2,3.0069625126924286
2,6.649719453499185
2,2.8322746148543754
2,4.543350338769049
2,8.371280626310396
2,7.92139390369524
2,9.148322498767412
2,7.114594263975242
2,2.468675998060387
2,2.724798825232621
2,6.460000398592059
2,6.935704304140991
2,4.717830958001321
2,8.956053608198712
2,3.7433603656561765
2,4.59507162443401
2,8.457553471386008
2,6.238401603244839
2,8.770968218904917
2,8.937975662036102
2,5.988868390792549
2,4.887314563198338
2,6.596669855468674
2,2.926027393814461
2,4.691601506307156
2,3.9037780472425174
2,9.197216554083253
2,9.291049625116244
2,9.187854167825304
2,6.732085798640583
2,2.1831842012214913
2,4.426994933445755
2,2.797037242789003
2,8.848985015575476
2,8.070074098457729
2,3.209014187262365
2,4.168419255220352
2,3.880726418145359
2,2.5752065595229277
2,8.8779733502369
2,3.594195803166813
2,6.411298533406807
2,2.2525694701149797
2,4.267809659744092
2,5.584193569425078
2,6.4959131734788365
2,2.32945682713135
2,1.8910850196124778
2,8.659640186711751
2,4.122955316059082
2,7.853911071663712
2,3.8579476346861763
2,8.041339659436128
2,2.7046229175216485
2,7.186674562086674
2,7.4187111688280005
2,10.351265365474614
2,9.557550736202133
2,2.546622798852737
2,6.248443467145847
2,2.5761534042402383
2,4.3799816477096725
2,4.3309973298856015
2,4.361099292547644
2,7.938998417412301
2,2.980829708406588
2,7.018195633280088
2,2.6553486967324504
2,3.909270621094672
2,3.142915871623524
2,6.512045383737896
2,8.845623050378453
2,8.749829444078228
2,8.87940778530596
2,3.5771996799362182
2,2.6704898680952294
2,7.668661295910519
2,9.222443896191379
2,9.076989752744709
2,6.758139913498
2,7.855518454917158
2,9.370848702208892
2,7.0052902734908225
2,3.743918501047677
2,9.466794002187559
2,6.023158247546469
2,8.002334374900629
2,8.236344413876965
2,8.660734921937207
2,2.7195150453496413
2,6.514429856361667
2,2.279743972153088
2,8.030701939506388
2,8.186190375274899
2,8.224910038011048
2,8.601010391532206
2,2.935700869541798
2,10.033738220857154
2,8.225796430144392
2,2.474687108077128
2,5.9466230653704075
2,6.76840717215342
2,6.022994453742088
2,2.9845185311361426
2,5.897469511474106
2,6.631326934613502
2,4.050177031160946
2,4.670796818944336
2,2.9397636345601126
2,3.9508419667210903
2,8.555490319159441
2,6.411771859193161
2,7.950727995534893
2,4.691375545117913
2,8.630488447258065
2,3.8159509754049066
2,4.512577001202542
2,6.574018078368235
2,2.826575710326025
2,2.238317770245997
2,4.258780358085115
2,8.842910904783059
2,4.860573688298249
2,8.458252091078181
2,9.492734458062081
2,7.856435619423282
2,2.2119512238189634
2,3.7638192300882287
2,8.278421855383442
2,5.995023831194587
2,4.677144902209658
2,9.225956658581897
2,6.871726527984858
2,6.020458679565654
2,8.633794166231931
2,4.0199011223134145
2,4.039775833203107
2,2.44998715966934
2,4.626758122152353
2,9.481447053308454
2,8.111859654029429
2,2.146262341151311
2,2.5992719546819134
2,9.382442952737785
2,3.2803545821317392
2,7.927023028795919
2,2.213299385509155
2,8.598283953081419
2,2.483719951372384
2,6.0504486824354915
2,4.14342221199392
2,8.479098632807856
2,6.067895222388149
2,8.557434754394444
2,4.131318153913897
2,4.39530933905864
2,5.691095006602994
2,9.029485944595883
2,2.6963095962350296
2,3.144094898238458
2,5.065880907175145
2,2.957011983684724
2,4.3988538946610305
2,8.680490232937482
2,9.98359653411212
2,6.164072719843489
2,8.534933611259065
2,3.9972112973537794
2,8.298188842144928
2,8.623901516194863
2,3.9631140751657736
2,3.3013027703201643
2,8.340665444145035
2,4.114816144305915
2,9.276062031271293
2,7.841939592470323
2,4.640878838776578
2,8.932527442651123
2,2.970128874707119
2,9.213233353895134
2,7.418058401338754
2,2.815629763422621
2,2.5198164467633744
2,8.54569700724149
2,6.676313178881987
2,7.81821610611806
2,3.796216235362335
2,6.899996213380852
2,6.4721375668853405
2,3.9786420279566417
2,5.991181199445026
2,6.293536131501682
2,6.846120860857172
2,2.9879416732142103
2,4.433957312846864
2,2.8672316463212284
2,2.4667994531962893
2,3.33232114224541
2,3.7749136776589456
2,4.888548213188081
2,8.633322788342504
2,2.8762725306213786
2,4.913400271625831
2,2.2598054848350735
2,3.654447820619854
2,2.805732093934303
2,3.052597504036168
2,3.7093190758608254
2,6.214855004683898
2,2.673358250957433
2,6.52290825473678
2,3.7687539174622215
2,3.7836969527194295
2,3.5241904866634233
2,4.325371841317385
2,6.344059876101454
2,6.42396941171141
2,7.990840803603447
2,9.97437998729056
2,2.8520894381044415
2,6.864250722484447
2,8.073315284376754
2,6.599451585683713
2,2.499213773325962
2,3.935385752081167
2,5.937172551603396
2,4.196946261103316
2,8.249164407300828
2,5.189599287833281
2,8.006083562868898
2,6.542352724502228
2,3.048200494427304
2,5.054645341052544
2,3.93081618548585
2,4.972439480023863
2,8.931276154766097
2,8.737083636399408
2,4.202044924051373
2,7.430683358305481
2,8.1998940281628
2,2.996581908359434
2,5.729821268220967
2,3.0999490319957834
2,2.695024156250259
2,4.279790845489527
2,4.823403031123642
2,3.361485066129725
2,8.122092805848368
2,3.9504748426128264
2,9.723565726949655
2,8.040140669577118
2,8.148198456388752
2,6.123261811627042
2,2.7454291748524606
2,3.0870002720567298
2,9.031039029901038
2,6.491600546253579
2,7.4333866904914725
2,3.708820980345631
2,3.8618250670586063
2,6.004529183848769
2,6.618007624497156
2,7.903447029188933
2,8.025546434791101
2,5.985536475031665
2,3.8661406753295426
2,6.858345106139454
2,9.643823742572362
2,1.8240836848805482
2,2.8238193616737326
2,9.602333750847766
2,4.021290418994186
2,3.908209449912281
2,7.442480386346065
2,7.24191194700004
2,7.4884664758668515
2,3.2532029095876185
2,6.409711457808924
2,4.108617861644936
2,6.6526406013654675
2,4.2497277512797025
2,5.855314204375104
2,2.1337155498901854
2,7.2682232509258355
2,3.929660709830377
2,2.240808792856412
2,9.20061613661689
2,6.62011836538638
2,8.830636443032791
2,6.895001730960712
2,7.339153523793944
2,9.149854496547917
2,8.981376303045847
2,8.71860997698164
2,3.533830593021624
2,9.435002786732461
2,8.034557635521193
2,4.0413114787785105
2,8.6982483685661
2,8.327495240680564
2,2.849058383927377
2,3.7237376134003046
2,7.575728705249132
2,4.166716265903371
2,9.28236670777121
2,4.741543117772657
2,5.928140188312422
2,4.740078618116359
2,3.456430161906928
2,3.311864438329212
2,5.879830075244598
2,7.550316449572039
2,7.252634319023153
2,8.490950367926766
2,3.7962914679278907
2,4.4485589706256725
2,4.483310113521583
2,8.982157745373774
2,2.6564703411406807
2,6.662692823157233
2,3.902726193657758
2,8.530663481276953
2,4.76852794536767
2,2.8929931011182277
2,4.874377721531424
2,2.5188400184287434
2,5.025363378066478
2,4.4421569044951275
2,4.860301680076163
2,7.099858253697419
2,6.042996104473557
2,10.247920248392049
2,3.0860308407240473
2,2.7451814713166374
2,2.622252403376954
2,2.5991402538178328
2,6.719737712959238
2,7.069137688284562
2,2.3766322682969143
2,2.2485905665949537
2,6.357345709669369
2,7.38792220298974
2,10.130533867724195
2,8.186517331524623
2,9.183325674476825
2,7.357824007752434
2,2.3857108860607092
2,6.225296559686093
2,4.451652478031642
2,2.50896025089264
2,3.3859296527918605
2,8.319339030144114
2,8.080172411470558
2,7.092322794249019
2,4.320659592707415
2,6.534552159126575
2,7.106894698664311
2,8.892807765145132
2,9.093703200562688
2,6.284115128834245
2,6.136086222160889
2,8.952592794194375
2,7.2798839429964435
2,6.984565615321051
2,9.082065134435773
2,3.4822625091385904
2,2.85676724762736
2,6.352192769634459
2,2.4592386556560686
2,6.812000587565793
2,8.483722739455391
2,8.050112332684767
2,5.219635938010559
2,7.941115962796559
2,6.390304930399219
2,6.139929646250331
2,9.26398244714823
2,3.7238402372486465
2,6.415075006706882
2,4.868839077037805
2,8.228240112721563
2,5.664435497499181
2,4.044279074554213
2,8.769464332486997
2,8.430090260406724
2,3.7774421641782383
2,4.324440384142334
2,7.429237459385305
2,2.6144921240087133
2,4.951581688826726
2,7.0555912133224625
2,6.10240282882678
2,9.140549953496597
2,3.086110911324098
2,9.343224038612728
2,4.2080179286359405
2,9.1978146994846
2,2.560329709214801
2,8.704048879243647
2,6.103005021610452
2,2.1629937502356835
2,9.248124302122779
2,8.499387176421683
2,7.80441561029198
2,6.4593537735377735
2,7.832972296981004
2,4.1582387194858415
2,6.540944898808592
2,4.272195953886457
2,4.0732799868274645
2,4.27670158390765
2,5.096023637335827
2,8.269388514400504
2,7.695247687071879
2,7.709237751690449
2,7.910544514649316
2,9.316044180733224
2,8.33802190163695
2,6.721831857924457
2,8.33470208041866
2,6.930025636575513
2,8.43042366205255
2,6.908950732913187
2,3.483179254159368
2,6.401835908135229
2,3.141381902424704
2,6.206032528874223
2,8.56709380968239
2,7.927257236562813
2,9.81875086327294
2,2.237209392443269
2,3.009752566583104
2,4.076579357326909
2,5.880032932139384
2,4.31595583865554
2,5.720496864154374
2,7.833034647180281
2,9.526441889176423
2,4.0561525550947355
2,2.451069976984773
2,8.086679556732433
2,8.916154847689713
2,6.981345896592575
2,8.305083166717932
2,8.895554403058298
2,4.537200320618833
2,3.058503013410674
2,8.648630590774552
2,7.781379878249279
2,8.053745318210087
2,3.0159539726215936
2,3.3165734014189514
2,2.55333785143129
2,9.457908762715439
2,2.8904900027595684
2,3.8503112390082395
2,4.522723123529599
2,9.042320139874665
2,8.139143620627989
2,8.934852542315452
2,2.799378837080851
2,2.7912112772565534
2,6.1011517317824
2,2.4429462436785947
2,3.1195091101752754
2,8.141167103670185
2,3.9125066005967333
2,3.582248557797273
2,8.558156352463609
2,2.221067991967613
2,9.983395754563617
2,4.946965135097208
2,6.207718852263571
2,8.839766610705501
2,4.273362132986916
2,8.925410868898512
2,3.929449573505786
2,9.03213093530206
2,5.275405049328854
2,3.548495367150461
2,2.4377360527908696
2,8.806321887666925
2,4.642578596759953
2,7.667758685051193
2,4.073468372550342
2,8.265520180566849
2,5.8138158439394925
2,7.193930948040087
2,6.380420596026096
2,2.5603126588450773
2,3.6209124619848243
2,8.731189359558723
2,7.035025972902184
2,3.7557763577115844
2,5.6385622518268725
2,2.0966047164865858
2,3.668749611198017
2,5.973258790376202
2,9.896259948463522
2,3.8237727757431736
2,7.9089129771114814
2,4.922209140681061
2,8.043408281481653
2,2.9463092810852154
2,6.594049628471164
2,5.603510724876533
2,5.339318736057218
2,6.860129773424496
2,4.5233622177477475
2,6.386304637402955
2,7.906574879884779
2,4.322461502167409
2,6.020993158160781
2,8.479681460956739
2,2.5905736825723586
2,2.1491862570899367
2,2.8038245082013518
2,7.492958799953493
2,2.784372640085593
2,2.129781964702856
2,8.87889345632879
2,4.848890413831594
2,4.612574730496421
2,8.381366265586564
2,9.520355785103034
2,3.5519295752100417
2,3.2963128309128624
2,7.126726782175801
2,4.866576664568142
2,3.157770957875381
2,6.431975147186404
2,9.133127235983855
2,2.44075973025632
2,4.567653475336906
2,8.262592396531561
2,9.408184890770578
2,9.06570459941001
2,6.228474623300825
2,6.733989106794945
2,8.925059872726543
2,8.383472465686653
2,2.3603567092955355
2,4.730471645621736
2,6.5315156337320825
2,2.204331936257591
2,6.404155323173978
2,8.228725707150554
2,4.612199546957933
2,4.347646760844375
2,7.677003419165533
2,3.780673582116864
2,8.443009947771541
2,3.098775952356423
2,8.121997923347381
2,6.603595968325628
2,8.933990257692038
2,6.505712259148074
2,8.195380551993551
2,3.3678554661857065
2,6.713510989947459
2,9.208559377812078
2,6.794075687993765
2,3.7685331025237945
2,3.9321469991316995
2,7.280611814301663
2,8.940898935736337
2,8.612220491194638
2,6.830588725753955
2,3.917244818134294
2,9.031856695449445
2,8.75715477840014
2,4.314975302858154
2,6.882376220424348
2,7.569406735399502
2,6.344526235795758
2,2.8663046438093858
2,8.817212938803133
2,2.3874174129315913
2,4.012081498141774
2,4.714159055795637
2,8.479117383413534
2,8.311429657944231
2,8.582477536010467
2,6.563230911763352
2,6.815600635408474
2,3.603394889029623
2,2.7591277542506885
2,2.8048392119502554
2,7.536296873442247
2,9.018554530884318
2,2.857471256138741
2,3.5879006684468377
2,10.03222774883147
2,6.072146169999894
2,6.888015968307537
2,7.181356827914363
2,4.358054844834489
2,9.544650958444933
2,6.7412583315321895
2,4.738305948306518
2,2.3751432569806443
2,6.048003893288394
2,6.566411255440763
2,7.087688384973253
2,6.230550126176675
2,9.036871240625732
2,8.836390962836324
2,8.554551384665
2,4.618506853346517
2,6.748138070039134
2,2.384258398595891
2,6.382997657828572
2,6.284239474518492
2,8.645261965936887
2,8.32405582435527
2,8.977321154112012
2,6.502801406502538
2,8.335491881137493
2,8.595160412854588
2,8.204481609524052
2,6.439449733976641
2,4.293472603268313
2,2.4749123245829026
2,7.354562153417955
2,1.896007884316968
2,7.006398483649406
2,2.6224243913916556
2,8.391020046147073
2,6.61377394345183
2,8.731632581728013
2,2.8538123571661904
2,8.831395512215659
2,7.205406344245609
2,4.3163640480154495
2,3.6228784569187944
2,7.955350992244552
2,4.032796578589047
2,7.449729310913607
2,9.19706552093039
2,2.5724398872619734
2,2.556510996169291
2,9.339083926647612
2,3.1292152514764533
2,5.577894461479958
2,4.533880559584576
2,6.204339044406194
2,7.562093169562565
2,9.253914137732115
2,8.701139391477547
2,4.743850084965415
2,9.110339007133762
2,9.546613090723687
2,3.8348667147307056
2,8.206470034454908
2,4.698703397212936
2,8.611285818908843
2,4.140809773259063
2,8.705110773501746
2,4.223068152997867
2,6.90319751902118
2,7.709452317093609
2,3.7766942855633423
2,6.517836771718728
2,2.8106129837066143
2,4.0800813775810445
2,6.144222866040883
2,3.6824727551805445
2,9.31874320306278
2,8.051756671588173
2,3.0148129081564425
2,8.594177111513867
2,6.840178639603557
2,7.765141325845683
2,6.744382269451066
2,2.8678512023958214
2,4.282308843166558
2,7.946370776003104
2,3.932412204644316
2,9.846796903288304
2,8.552823796131376
2,11.2164477935814
2,9.890434980678995
2,3.7675646493348447
2,9.638742523348046
2,5.111489338233207
2,8.96992387885101
2,8.859099964320173
2,8.492368777035484
2,2.5318969660128054
2,2.631914810423776
2,8.999118263412972
2,8.760279289736703
2,10.243882865025613
2,6.948054420774683
2,5.053468241627045
2,4.222237774657919
2,8.592994878526541
2,6.876742550184924
2,3.1906441955385287
2,6.700375788109034
2,2.4519952843978885
2,4.560264476868627
2,3.669818983295423
2,8.39418746240901
2,4.991891065430195
2,6.8850643908752485
2,4.056909979012112
2,3.2136751741329634
2,8.611411598652225
2,6.689069846541243
2,6.0663305979533595
2,6.397584140016403
2,6.983133287981844
2,5.57665845396065
2,3.684392867454174
2,4.400766967543606
2,3.245996513187971
2,8.178687218433948
2,8.416509801465528
2,4.513038813830647
2,6.36092403578001
2,3.1113413573575466
2,6.747227827818115
2,6.63956765136603
2,4.802273691494978
2,4.43800789528818
2,8.89633033319902
2,7.410291961473523
2,7.843567802169561
2,7.342921451248706
2,2.560620564531797
2,4.315695555344904
2,6.604324963974355
2,6.466852865604432
2,3.9421500228642996
2,6.424023300631156
2,8.658011666719599
2,8.263050549595546
2,2.972743758513847
2,3.036968513288077
2,8.185763478974707
2,4.693192771264702
2,6.1881854301728545
2,8.867667527913436
2,4.624034889539852
2,8.103029602393718
2,4.6077102348405745
2,6.809061392082321
2,8.517861852194438
2,8.033141490270411
2,2.972219838171701
2,8.51924513260422
2,7.989378208606869
2,7.538661393628134
2,7.2153663113033994
2,4.337552663189073
2,6.691631424392554
2,8.558449035676789
2,9.222567186663497
2,2.670371351412871
2,6.626645902054829
2,9.431886664330436
2,8.05220489422476
2,4.184294164422064
2,4.212953066072308
2,9.551376111591614
2,3.850886093100626
2,6.021958768292335
2,8.861244387872668
2,8.328725645124237
2,8.514339102631597
2,2.6478070352631042
2,9.205353200687101
2,8.118258934569997
2,2.8454949265933993
2,4.0217549758301265
2,6.959589877231199
2,8.64800469037486
2,9.800686636279456
2,8.80898725159003
2,8.352752781820659
2,8.59871139281181
2,6.401926608247708
2,8.322200203703302
2,4.677417921842463
2,4.2531741441343405
2,8.358190336233244
2,9.151353220219068
2,4.567698480976156
2,8.26503196651045
2,4.884798193955541
2,2.6252880075197225
2,8.871860675105872
2,7.669417263294775
2,5.873131241671958
2,8.77646397765096
2,4.194152482936158
2,9.395989457058143
2,3.371544986989896
2,4.54264072927153
2,2.790061129091543
2,6.5107830222593615
2,2.6746285061484
2,8.851009207823441
2,2.5977225618069766
2,8.488202036269135
2,2.387669301937264
2,8.576658919918499
2,3.660435448236072
2,2.338393330585185
2,9.650334523092877
2,4.412233766882003
2,4.369776524284965
2,1.4478637482188512
2,2.773192916670047
2,6.5846993870889525
2,5.969115285309623
2,3.5923258469977193
2,8.313985189615439
2,4.406975569485342
2,3.669142756165602
2,2.902303508916807
2,2.5614210011734446
2,2.5225118276940504
2,8.199977717029276
2,3.4748368207949727
2,8.716324541804699
2,7.330502115186873
2,4.4700608676544284
2,1.615592502375505
2,2.346342946330786
2,6.442911523639596
2,8.934304103071378
2,8.923273069458034
2,8.585663390271609
2,2.7972298300743637
2,8.994456794950013
2,9.481225708157659
2,3.836556822745301
2,7.045520331436851
2,2.569321567132083
2,5.874170740582861
2,3.436082666575164
2,6.038004132405507
2,7.8885450390398155
2,4.503247900489177
2,4.160614404122753
2,5.149658841939836
2,6.177843056012976
2,3.8970796652763204
2,9.049359268037632
2,4.619393019832343
2,8.233959761072729
2,4.711589312971102
2,3.219589255814881
2,8.372805159048674
2,9.493599988544744
2,8.800542400006652
2,6.51204118187321
2,5.478834054564388
2,9.438248903287153
2,3.2621010688670675
2,7.844776308688432
2,6.098085939705007
2,8.49514882138171
2,6.367267422738507
2,2.109655817653007
2,7.093794151397276
2,8.514913707676207
2,6.391629915060631
2,4.392419982457851
2,8.34254029371211
2,6.021277470453087
2,2.572260420881435
2,2.9699086725062918
2,6.708889269791978
2,7.806341785573458
2,6.5121564244514305
2,3.650984373683074
2,8.247144655160106
2,4.796443215751002
2,2.2514213237835907
2,8.948515672012695
2,9.181055613660485
2,6.819937592217668
2,2.7274165988667605
2,2.7422817917304134
2,7.334735420715539
2,3.4006853009012294
2,2.219971626033907
2,8.633571801346722
2,7.770062781959206
2,6.160020570676812
2,5.542009231943236
2,10.388362824999927
2,9.2633952653055
2,2.2161777908632323
2,4.688851725513636
2,5.847593025828868
2,8.783619576856255
2,9.090064647106635
2,6.644947375687917
2,3.4343872204040466
2,6.491865943674195
2,5.970931944792032
2,4.247730930564223
2,6.938772315922473
2,4.250519839382639
2,3.033345585336032
2,9.436938926184807
2,9.062459445467628
2,6.74806485354622
2,10.03864150413343
2,4.355302321691969
2,5.223997894218249
2,5.712899594558599
2,8.832086948141567
2,3.189241346921487
2,4.5825019842162495
2,4.2646581666232635
2,8.389673812061439
2,8.167641861582647
2,8.588342306247572
2,4.314432023323192
2,6.378723587931682
2,2.7367118782331508
2,5.061138450755241
2,2.6461151944124746
2,3.462815828418829
2,4.437238985191033
2,4.050428368412356
2,4.6157824471803846
2,4.61220259426509
2,4.314371272971523
2,8.541154888899912
2,2.516004205643409
2,2.1575664199947475
2,7.710136613436493
2,3.262934805218416
2,8.839862354898742
2,4.269612542396251
2,5.1570389149224205
2,2.2140856101737505
2,9.017561456960623
2,4.081491889746576
2,8.809949316013887
2,8.436136567715323
2,3.775795728953094
2,6.544351167918391
2,8.94331940930837
2,8.968520859090912
2,2.1813964121626093
2,4.641298681850817
2,7.2077166895857845
2,2.5783084022135387
2,2.498383428798161
2,7.7852863669950425
2,4.6917470290036185
2,4.906135753431533
2,2.786048222145125
2,7.73196178606966
2,9.874173396848278
2,8.951380512908527
2,8.405891369145372
2,2.626975235275555
2,4.1528148160911815
2,6.765504022344741
2,7.039722885215779
2,8.490156151270446
2,6.385624567217898
2,6.505701900017312
2,8.476881493794835
2,3.4899585382572003
2,3.036298104864751
2,4.3102371972526115
2,2.331439540260641
2,9.21562241686961
2,2.3665221203269824
2,6.218996493729976
2,8.818898659992014
2,6.52821788367226
2,6.989976139258557
2,10.139890656927344
2,8.376385530109362
2,5.662101725474686
2,3.1887005258982213
2,8.684915409792833
2,2.457812679673475
2,4.539900137126609
2,8.836189089479468
2,2.682449334971844
2,3.5171332384820646
2,6.646100661547419
2,4.090484191569769
2,8.390488609235797
2,3.1498453229561645
2,3.1847019286813607
2,6.96430404710312
2,9.104184857747423
2,6.802760490726127
2,5.286702913986387
2,8.646992085274759
2,6.374958360766498
2,3.6467870494430588
2,7.845630348746008
2,5.4820135705113
2,2.819937796379535
2,6.5303962376272615
2,3.174865337326807
2,2.904534407444831
2,4.191311041828971
2,4.2969871177569825
2,9.430274287795838
2,8.089377233549085
2,2.513127139455455
2,7.4500752855238215
2,4.033547648400661
2,10.384940340202473
2,9.6150357675836
2,9.182971906049305
2,9.542212353771104
2,7.681225244392449
2,8.298576570881789
2,7.332605228424775
2,8.667722309252834
2,2.852200246898825
2,7.910543125181791
2,6.798958815805703
2,8.376077856738792
2,4.505313992291211
2,8.661342936639828
2,9.374158689442803
2,2.4355685590432676
2,2.787507964123427
2,9.094266660911302
2,4.9762970803453666
2,8.575624582715093
2,2.0556345060978
2,2.790977578611667
2,6.136680024200492
2,8.588866954787413
2,3.736382693021884
2,6.146225662757771
2,2.931384281908191
2,8.936851863532741
2,6.615424452219225
2,2.8237550198694605
2,7.903191906045307
2,6.187345274779495
2,8.994118607444454
2,4.204615327790812
2,8.654204061514609
2,9.2662851828114
2,7.683559677829413
2,3.4480192987021434
2,5.7528403472921035
2,5.948840671624181
2,3.8307603465903646
2,8.227388458984969
2,4.009028090300442
2,5.597869424035558
2,5.762070375696469
2,4.5106597099634635
2,7.719846934387946
2,2.699002161047006
2,2.7015018894952387
2,4.6151177661784
2,4.268881264938431
2,2.4751546960114084
2,2.196152354198713
2,9.227119346192177
2,3.800610782697857
2,6.715582150615558
2,4.1648682310703515
2,4.773239353773451
2,6.452844064440807
2,8.196737210122937
2,2.8364005340666876
2,6.327043695312805
2,4.876097581485466
2,2.6846361835364148
2,9.212548138295938
2,8.751118856133763
2,7.230602891357174
2,7.845333420386299
2,2.7440224246633416
2,6.846096430015928
2,5.9189247544504955
2,5.447624351010084
2,2.8329744749741104
2,4.005975482103174
2,2.9875329570355276
2,4.090096898379277
2,9.76679784822878
2,6.7156735985716685
2,2.548485500410882
2,8.334948191478057
2,2.9032955876376008
2,5.854938101758744
2,3.3299522606095597
2,4.028244879160698
2,6.356024366230347
2,3.001288159206097
2,3.0837535194537447
2,2.924819504682085
2,8.841444454073525
2,8.285112761212476
2,8.975234526101445
2,4.747876162446551
2,3.0987570373135456
2,8.72015601006576
2,8.078948047035153
2,6.535319640075324
2,6.771418787949611
2,7.168287225585393
2,9.092080955119766
2,4.422713708407825
2,2.689780890387055
2,9.648375071241935
2,10.795552446780803
2,8.015845864261358
2,9.933675821575294
2,8.845831635146881
2,8.424781451897282
2,8.901109424504753
2,8.115066188443995
2,6.315184634194656
2,8.940622638236858
2,9.31255380302269
2,6.74419179582826
2,4.489477015180537
2,2.2400116288945835
2,2.8548027625740104
2,5.800453993791254
2,8.383135775872582
2,2.9673767972954335
2,5.7669168804769795
2,8.824390074240679
2,8.087937854668585
2,4.374202531974796
2,8.641006615719371
2,9.0966319930684
2,6.822003375329555
2,8.33613863817193
2,4.848679656554944
2,8.889482804367988
2,6.077321189106954
2,9.424005477965508
2,5.252493070486586
2,8.423820168142583
2,9.652429526341505
2,8.497308398152011
2,7.971025679965829
2,4.775432337200497
2,3.846386006265464
2,4.397813153658131
2,8.909539275297268
2,4.727170605421738
2,2.947813609119906
2,8.08285529065105
2,3.8936880095372315
2,2.9320620691191976
2,9.505578285538022
2,4.3053230202633
2,4.172659786120006
2,3.173321817207091
2,2.6743678163834073
2,8.113927349573686
2,2.464707928609085
2,8.374184279715394
2,2.5289299927839193
2,8.453782240225074
2,2.4292386892011617
2,8.505141958009785
2,9.429446696996722
2,9.982311557952858
2,2.8030943816181635
2,9.437011392592428
2,4.8468893144452005
2,4.415585926232427
2,8.475867601147607
2,2.237297477942661
2,5.61449293519073
2,7.007710362923189
2,5.9950003050494765
2,2.7079282945429552
2,5.512665205365236
2,2.8420220071809665
2,7.193968266220227
2,4.872057919672279
2,4.036880265319273
2,6.487971583752912
2,3.1293291512154995
2,4.453499408378335
2,8.546833893395878
2,9.808991128532718
2,8.758769099740887
2,6.057239775017023
2,4.008585019214128
2,3.2227106111317005
2,4.86852844639125
2,4.576630944237888
2,5.047566784177913
2,2.7778827324533273
2,9.14114769186974
2,8.629239372263127
2,2.2944828352699376
2,3.057261325484917
2,4.250100109842941
2,9.401286669594457
2,8.453895676524516
2,4.1841276211884315
2,8.875548121217063
2,7.963170636406926
2,4.456007075290401
2,5.6769881097186605
2,8.598011927677314
2,3.1190076538359746
2,7.733067818908976
2,2.6502431613941986
2,6.183449028346997
2,4.334517028814863
2,4.752601281379435
2,3.218188701368602
2,3.2017772192703267
2,7.824425593324987
2,3.8444177814316873
2,4.40244142254004
2,6.364449332505352
2,6.360819319207494
2,4.86557228064867
2,4.298630282784293
2,1.9516435513658008
2,7.650345681222619
2,8.35603875027966
2,2.559782350401171
2,8.729528104529134
2,6.962647066352067
2,7.313024624944747
2,7.722517312494832
2,6.759689053275479
2,8.279865334196463
2,2.7289093110938283
2,7.231389197214463
2,3.876547211000857
2,6.392155294873809
2,6.435860099824105
2,6.614300641434571
2,6.529138918837265
2,7.3902082288026545
2,3.017488337031838
2,6.407214450214167
2,3.9192460183186326
2,8.697008480622324
2,6.217015809110456
2,7.042138802192823
2,9.074404416188699
2,7.997161572717572
2,6.369428790482729
2,3.942139627495901
2,7.380004081128748
2,3.9937525188388907
2,9.379549471242138
2,4.57566685999102
2,5.793744785362331
2,6.489493586044082
2,2.698918082737976
2,2.768499161134263
2,7.3638333890563015
2,4.580773367235735
2,9.444354945224918
2,7.101888976110871
2,6.651283846338571
2,9.185301374330514
2,9.005678357383948
2,6.33605108157539
2,7.78863683724706
2,6.199593255506038
2,9.038792495463797
2,6.84117340434344
2,4.814544673471507
2,4.646939836893041
2,6.006342320633003
2,4.030210747664034
2,2.6057969471567444
2,9.112866766050132
2,7.666300673871391
2,3.66924336560792
2,3.8584760843319468
2,4.125367011470777
2,6.2295215235607495
2,5.44471757447973
2,6.935760213991676
2,3.056747107667468
2,6.281242885820073
2,3.609273057081624
2,9.64488398881019
2,6.518104313528731
2,4.699008511463435
2,6.1640194617019874
2,4.300455770642074
2,8.538836601412962
2,5.717487524833441
2,5.386287768065247
2,2.1948888852895605
2,7.758999468646427
2,2.66202130997969
2,7.258549396471048
2,2.893705472898539
2,6.942620563476332
2,9.815740883693568
2,6.487154163154038
2,9.390141739072696
2,9.865931773275708
2,4.152345261860056
2,7.603498898137131
2,6.284780203785187
2,2.693605517907635
2,7.091050042424226
2,4.4553906695184935
2,6.365243620646088
2,6.889280634859621
2,5.427572118816198
2,5.801922662927332
2,2.664555053731657
2,6.9875581493787555
2,2.9065532743129223
2,2.477530019942938
2,8.595539893720204
2,4.88978089283048
2,5.627931174505338
2,2.2771772370077255
2,8.096785780618077
2,2.869103604308562
2,7.808747802794956
2,8.200936809679169
2,10.393234993341746
2,2.7001129665577404
2,9.416334014635117
2,6.246390579448243
2,8.426019478420162
2,5.181339992031379
2,8.749696315325846
2,9.027470528619167
2,4.183993372413324
2,4.562121872927514
2,4.125721567197528
2,8.184555487179406
2,3.598891637933734
2,4.08043423797212
2,4.014312726798511
2,3.051866939500969
2,8.84690476045751
2,4.381584426629631
2,8.504883683087273
2,6.684705031274982
2,8.803812541357672
2,6.774805872413691
2,4.238780354166613
2,8.188658435560379
2,2.129957794515952
2,9.628373027349884
2,8.497626400515017
2,4.912173201039666
2,3.8867373501602462
2,5.766681249291523
2,5.89552814956456
2,4.455162286210822
2,2.8274464133618618
2,8.555058690168208
2,9.04443883281669
2,8.66541362712049
2,7.894418244926165
2,4.752178729821719
2,8.044619991241158
2,8.353195693573422
2,2.46110382565376
2,5.918022937169733
2,7.716755404452778
2,8.732099468765776
2,7.983870713304723
2,8.936322371107112
2,9.109002975527352
2,3.718187109824026
2,6.1033154955132325
2,6.519947110731901
2,2.627062996563148
2,6.906524463840265
2,9.764977896591962
2,8.542154873462895
2,4.5942327430936
2,8.120696165774895
2,6.415525947821096
2,8.1692280102491
2,9.13090605978683
2,2.6337782937959457
2,4.643108300288304
2,8.750179258476988
2,8.51067117664204
2,2.4377971398492457
2,2.021780484207275
2,3.5723508750038975
2,8.141557814301324
2,3.257066375139439
2,6.497144685331531
2,6.741494701355098
2,3.7015022426558577
2,5.4612446167855255
2,6.879192638047371
2,9.376488049820757
2,3.482025406220347
2,6.127687608721286
2,7.160486101403664
2,2.228457350783181
2,7.778748003778244
2,3.074535277668467
2,8.31817379772158
2,8.531387631216331
2,6.578862561004047
2,7.094138040514801
2,5.977947542762536
2,3.8179757329587036
2,4.502872781244443
2,6.245669313434952
2,6.801747758272528
2,4.2397479472858155
2,6.687822268704312
2,3.529427248093916
2,4.428306306812208
2,2.9456893040561583
2,2.9394530230487983
2,6.002478185217764
2,4.499984346046311
2,8.410985162936408
2,5.130703511078953
2,3.8534609133908786
2,9.079311179236381
2,2.3501961634984285
2,9.221057815530639
2,9.867976437449045
2,4.220355157528037
2,8.316876765616215
2,7.106364347226344
2,4.374630537190163
2,2.7388956480629156
2,6.9648756720496126
2,2.5348239811491493
2,3.756953681675338
2,4.121022476647644
2,5.964118831285537
2,6.77306054945206
2,9.457367854404495
2,2.0479586435695847
2,5.913532873219352
2,7.202746104103837
2,2.9034362676524696
2,4.367082916292242
2,3.457142429425441
2,2.577045342562395
2,9.306561843876823
2,6.553106243745281
2,6.276895721934675
2,7.141210555014114
2,4.504342131568093
2,8.737901865342314
2,4.465410498480871
2,9.672277246308676
2,6.616138848208303
2,3.0038541457934533
2,2.9700815100474887
2,8.954973935593815
2,8.752433250429924
2,8.800641423557922
2,5.726378901862842
2,4.2365408517187095
2,8.848174683362718
2,4.4381720563371205
2,6.224094894653714
2,8.731719136017597
2,6.546967619545766
2,5.214182580544428
2,6.200835847064076
2,3.995975817236439
2,3.4579407101531396
2,2.3542981916460604
2,5.192351397068345
2,8.639148921912247
2,2.154336980915354
2,7.24816422214009
2,7.806236676153648
2,2.309053809825504
2,6.104177764368634
2,7.398427758101582
2,7.970358453055599
2,4.50381403314675
2,8.487276412973841
2,9.039671584287401
2,6.315815748657304
2,4.139107786659016
2,5.928198225257581
2,2.39195356618352
2,5.766611992023871
2,6.311271089721619
2,6.004570821893193
2,7.39530791004639
2,2.210996262692727
2,5.575701979250094
2,9.674519536589507
2,7.782289567816644
2,5.053461676637661
2,8.821587013378224
2,3.0684570899006003
2,2.936905045100669
2,4.763391860960429
2,2.538502318794939
2,10.269458104198762
2,2.09821197680354
2,3.9335822107309615
2,6.700051661507875
2,2.731142844256966
2,3.9902508759595126
2,4.455487634697275
2,6.436989248925379
2,7.617549433958266
2,3.0841352694640927
2,4.288572682343613
2,2.76028261588889
2,6.311544583626586
2,8.32448434507354
2,8.516909364010514
2,8.418926529236368
2,3.927991841129631
2,4.918709784844376
2,7.531432049214153
2,3.91727867549032
2,5.630222401658789
2,2.896847740140622
2,8.250361538865212
2,6.628857398115527
2,4.9598092631402
3,6.462892464294822
3,9.301216551207494
3,1.558322298707544
3,3.583422585248008
3,4.18681482065081
3,3.4203298138146145
3,1.8247562812075087
3,2.184881121100692
3,4.999174233705178
3,2.1945540807168333
3,8.861252978643678
3,7.315098290284512
3,4.382365327033656
3,4.035879487957901
3,2.935219894096133
3,9.076810802690662
3,1.9554382367746974
3,2.344160790443811
3,8.66493491041215
3,9.886428513473932
3,6.378604833909498
3,5.5701630316253405
3,8.765504193217735
3,7.904252148475494
3,10.10460146773989
3,3.2410865599154763
3,7.314495175761941
3,9.785647957616698
3,8.210644390323914
3,3.238164343581474
3,2.499013478538849
3,5.9212604481064055
3,9.914206407642688
3,5.804560227473941
3,1.782977090061148
3,7.770240598982654
3,9.224480273396612
3,9.085994573663509
3,7.774088230814069
3,6.173024312142613
3,2.212306432131568
3,9.3743954760266
3,3.7793876062158036
3,2.9047303027849654
3,1.9531199080767325
3,6.647854214772344
3,9.626915730644475
3,3.2499949478518095
3,0.5617849889252704
3,4.2829382213525555
3,8.746373359973797
3,4.350440153771051
3,8.166375185000652
3,8.665501671274482
3,8.07729623809815
3,5.107856381745237
3,7.006255123069583
3,1.3226379344129684
3,10.21981327206546
3,5.470516715295457
3,3.37334084608442
3,3.1156756445882126
3,5.055511269937304
3,5.87555766881999
3,5.448772821738859
3,4.215543805499706
3,5.232815033016551
3,3.5417643998867225
3,9.171324487621307
3,3.995390042162618
3,5.10196590962808
3,7.286946341404899
3,4.485239155168884
3,1.3258909108649632
3,5.867156227937912
3,3.739272101350528
3,6.025052250116484
3,2.5313910439343337
3,1.76574697054453
3,4.886549317776888
3,5.058068829818188
3,7.096773181047816
3,2.095614146883688
3,6.626157900151067
3,6.90622889413427
3,0.9497310786917448
3,4.854532820012801
3,6.701063643911981
3,1.6699808846294963
3,3.0504463623717912
3,1.1839542897392346
3,5.848927621172312
3,8.146780318112548
3,3.9152333414447478
3,0.976784703086617
3,9.187121899412885
3,6.467373045619295
3,1.809490842919636
3,5.263399417855021
3,8.713398706254301
3,6.4829390089482715
3,9.114022614945771
3,2.0055396108820696
3,6.410061627012988
3,7.418489004594393
3,9.33859818717655
3,8.737814724910388
3,6.104137604266731
3,4.506075310139337
3,6.757426403831675
3,1.7935693385108622
3,8.4842185939099
3,8.799784045440578
3,6.95980190322513
3,1.8049611797074252
3,3.4506937317720143
3,9.162536605796046
3,5.403996843640607
3,4.873991540923927
3,5.278071428935033
3,4.085395977038009
3,3.950365210392504
3,8.392891809295701
3,8.029888662351532
3,6.539053915775697
3,5.904609602467789
3,4.279878016570524
3,3.5163574135603035
3,4.297711472737285
3,6.16068532673519
3,5.851038202386459
3,8.535073304574624
3,1.5897740060110594
3,3.824816620333599
3,8.750084871558657
3,6.016499017631732
3,4.326119185867577
3,1.6913835563452515
3,6.667883629334028
3,8.835612820686451
3,9.741453743572315
3,5.435330091976134
3,8.587573824822847
3,8.179718518245487
3,9.164542862483852
3,6.643433619594945
3,9.007913368554842
3,1.4339019598876646
3,6.229805291817155
3,10.037774204408485
3,6.055217215020377
3,3.9986546379754913
3,5.233012462195797
3,3.879836575689501
3,7.208979574381127
3,8.177752685240925
3,3.7407609570990603
3,5.8034793127799045
3,3.275805017207311
3,6.532401886020629
3,6.689629777004747
3,6.310207471941946
3,6.405215920109861
3,6.497638693871947
3,5.2210246057497836
3,6.843460424317279
3,8.575454260424365
3,3.085001568045847
3,5.197763823489348
3,4.750391618634099
3,5.72483847535599
3,7.289025268994587
3,7.570540151166763
3,5.33677565655117
3,6.591421033853702
3,8.547514206394561
3,4.806550171919091
3,4.817293261937205
3,4.575159952650601
3,8.781011689047615
3,6.470327798270995
3,8.81228855501006
3,8.068745851864247
3,4.70020956762836
3,3.685552332093902
3,8.948990216124752
3,8.970252684351781
3,6.0791261140183845
3,3.958171416316332
3,5.010583627694404
3,6.9369111713724045
3,5.871298116507469
3,2.799493324786231
3,7.987109666027074
3,6.114820887737422
3,9.726653773318484
3,5.284244631161749
3,5.834939184973081
3,8.537095122221137
3,3.7454013806905118
3,4.848221458933986
3,7.052142714504701
3,6.563683101534552
3,2.4702514118966694
3,8.966876307592587
3,4.492974756889853
3,4.2188086474983555
3,6.380824406318271
3,5.815137856229309
3,5.586048035457117
3,4.498271071451646
3,4.0441530449506295
3,3.104936594418333
3,4.033782419739607
3,1.0441971635823823
3,9.44133488720883
3,5.38269223146792
3,9.064434050384682
3,4.731407389583279
3,2.434709597100541
3,1.324875885170011
3,5.826369395655652
3,6.665544298519715
3,5.930220572659014
3,6.761781107953988
3,5.221731236466505
3,9.681607159912987
3,4.505871177123557
3,1.212465864998726
3,4.818706798146671
3,6.155466327071962
3,9.027396206290327
3,5.818793074008333
3,4.520168712832451
3,7.517106128914738
3,4.196912663471186
3,4.441581318016067
3,3.352581570514367
3,0.9481214905102289
3,5.724314788488425
3,3.8984652741678842
3,7.02096771060117
3,0.8297235702260044
3,4.328770407938178
3,5.554566070025359
3,8.892605183923363
3,8.130886618322991
3,5.798697969985924
3,7.1410469410878274
3,9.264453511057972
3,5.097263891380498
3,7.403465160025156
3,2.4775524332546013
3,6.703717226024676
3,6.449063428816327
3,4.044318525182267
3,9.828092002449786
3,4.556358242908074
3,5.950719837786068
3,5.682824685235586
3,1.9817200017372854
3,4.749489314469606
3,1.7251735606196816
3,8.13552450794146
3,8.555440925207602
3,8.547394478657415
3,8.356593522504864
3,5.409115681605829
3,5.56991230797777
3,8.635674310425546
3,6.470309705391993
3,4.45423981566735
3,0.8555815484335134
3,2.391084934645695
3,9.262973442302528
3,6.143372537801879
3,6.5594931255498325
3,6.435991227695264
3,4.73807845239956
3,5.037457925840078
3,9.837080140902966
3,5.605709169706719
3,6.870612930633596
3,5.633665175263704
3,3.967686121404006
3,6.991084879877576
3,5.874631798219652
3,6.676833189254002
3,7.074247299389815
3,6.0622869269418365
3,6.821520104822323
3,8.328175661067837
3,1.8540938074830264
3,8.708590762163471
3,3.5927608803031865
3,9.976851011617718
3,4.630715397145139
3,3.793750409200895
3,8.012180096454857
3,6.085828701342505
3,6.663366565500549
3,5.771432379120539
3,5.424448738330711
3,5.104818438728922
3,9.529892274572598
3,7.163770370298099
3,5.664302031421828
3,1.4894404803481516
3,6.617365551786246
3,9.030418718185926
3,0.32688487682636236
3,6.581404604865121
3,7.582062991740029
3,4.214280606050655
3,3.265065918490242
3,9.245168315586932
3,3.9549714466223476
3,9.5223518238444
3,6.383125775988979
3,5.563868443382191
3,9.175441368381364
3,6.69742354155241
3,4.002943350068253
3,6.816690462188011
3,6.399032767242388
3,4.6927631465466915
3,7.338226428924551
3,10.765977034931666
3,7.422586219505852
3,6.494882253640741
3,9.769344301253858
3,4.998709299851053
3,4.1513353447103025
3,8.947494919805791
3,6.293725631263271
3,8.761614155688079
3,2.0800243503140834
3,8.424819981459969
3,8.431733176642007
3,5.694335799240253
3,5.075999992547839
3,5.6735330984664225
3,6.519631191556707
3,7.959393838845272
3,3.5217236643418857
3,8.494013635864055
3,6.196787547890514
3,1.3077433058749688
3,9.271299932084771
3,7.50688641002469
3,9.657988575735049
3,2.827518143923511
3,6.754443479134401
3,8.500844405030707
3,8.005707374946144
3,7.176490595074762
3,4.924282290262582
3,0.7916375957722661
3,2.3354901879041488
3,3.4980934538739676
3,10.281342569179465
3,8.118944845660781
3,4.932045089679633
3,5.249471547075537
3,3.3032891806518827
3,5.960077533169385
3,1.9214356055989157
3,8.461020374350687
3,2.884366774433017
3,8.714151628918474
3,8.950508356493879
3,8.874794940719255
3,6.050032905300721
3,9.455724077851166
3,4.595853926445218
3,8.39175379782625
3,5.973788528482196
3,1.3392338888295816
3,6.365338298060244
3,8.738524133556254
3,3.6905155827407734
3,7.584798968958889
3,5.88577091154492
3,8.54214065457793
3,7.639734518948988
3,4.371339811295971
3,3.2880709697274706
3,3.9558464667081874
3,1.6154806793528567
3,6.279101712181626
3,8.334103468195856
3,3.4114858591362798
3,6.847314560449671
3,5.1447662804887635
3,5.361260094592365
3,4.7561123781325545
3,2.081551919521555
3,4.231762761994782
3,4.188910977845284
3,3.5315601645004016
3,8.288676558208131
3,4.281850707058484
3,5.063767362222736
3,0.8578472360487099
3,3.565521802625493
3,9.917934060255298
3,5.46091095157138
3,0.5801340099857288
3,5.927655657178321
3,1.8651386218961568
3,6.652458095512739
3,3.045311089556268
3,4.9195814647585125
3,1.863888830564843
3,7.245162238002923
3,4.285605865066394
3,8.024474090073722
3,0.7926025743521692
3,2.0679891196964357
3,4.0091421670384175
3,5.624917988039259
3,9.770109994762256
3,5.73755908782021
3,7.021503626578518
3,6.266869616374073
3,4.898585366186147
3,8.62417593328264
3,6.711785659355657
3,6.9486944275314695
3,8.702884979145415
3,8.301071025705975
3,1.8485860342676035
3,3.2926014083109947
3,8.110224631739884
3,6.2095215153557675
3,3.6369037105385225
3,8.49485113593184
3,3.974426352073369
3,5.510980006256923
3,4.8857067116142066
3,8.896866071412548
3,5.430319444417556
3,8.26885055705225
3,9.107228818983016
3,9.622506324512509
3,4.093187849006934
3,5.465642326363387
3,5.120670155555535
3,5.239072995904071
3,3.3501044288054165
3,3.924809356746459
3,6.286918838210882
3,7.385048332281819
3,1.7592213882684027
3,3.081273442612721
3,8.670135308300486
3,5.665358624456447
3,4.997470820370922
3,4.606002469106949
3,9.008613517652599
3,9.005602665949343
3,9.567254500427499
3,9.159909003743913
3,8.81946892062775
3,4.068404864635638
3,9.691051892547115
3,1.745961701000132
3,8.92189756966572
3,5.709597741994982
3,9.935439238002012
3,4.640478137282663
3,8.766349014741055
3,2.9610105363277395
3,9.750573165404784
3,5.723719276961349
3,6.991161916294964
3,2.8478854634929776
3,9.975134109799155
3,2.2717119016521243
3,9.659228034425915
3,4.5162989760195105
3,5.076927907018236
3,8.508502079579443
3,9.487355325151766
3,6.823162139587357
3,2.3077879642556507
3,6.379477576424182
3,3.8490731734250936
3,6.546460068655019
3,2.0613166507991236
3,7.53253401197032
3,10.847401805992847
3,10.75181758414595
3,6.129616549010918
3,8.204490506477928
3,5.720170612227249
3,3.4934858583250343
3,6.304647262316472
3,2.8201737147314425
3,9.066093318926729
3,2.0425823565672303
3,5.842368380356375
3,5.2708742261799655
3,4.064921430426197
3,2.8397594063545766
3,6.850747999520469
3,6.263370179568623
3,6.100476522110419
3,3.9292880055965393
3,10.068754675268345
3,7.516328647332922
3,1.2087714819820898
3,4.036959507520527
3,2.001112144060509
3,8.648118820098723
3,6.419019334573169
3,8.591620532662311
3,4.705164780282682
3,9.075340354099735
3,4.745528701229954
3,6.146682442279249
3,9.162752326957055
3,4.750199786802044
3,8.721647150285802
3,5.630971359557229
3,5.283085244569332
3,4.470425339369442
3,5.990264304489911
3,5.739045647151334
3,4.436550158479857
3,3.4568456999433446
3,5.430952034335479
3,1.3550177579884104
3,8.532583972089817
3,8.319651269271134
3,10.243965306677014
3,4.546239526811909
3,1.4395082111001056
3,5.407560312093788
3,6.085141852878505
3,4.182960512181888
3,0.7577972952178327
3,2.7919909088011465
3,3.9363601465670888
3,10.318353935051523
3,5.661177107526688
3,5.5468204268606645
3,8.32127033331649
3,2.0207659961157605
3,3.4108134424075933
3,4.892878468121808
3,3.7679371823744536
3,8.35360472817027
3,8.722324749514348
3,3.821192914767335
3,3.641556864333522
3,6.047657183763595
3,2.5731366700659604
3,6.254034493478665
3,5.356819688598303
3,3.1435293302765737
3,10.613565301105968
3,2.4174607254141316
3,8.787044861459913
3,4.248653443445569
3,4.504972322798133
3,4.17452071267407
3,3.045619279496872
3,8.291815209499468
3,4.833507697238078
3,3.939521942376172
3,3.5553095497858784
3,8.780826862281845
3,6.111828014693294
3,7.404861457072502
3,2.2580369999727874
3,4.165985276687003
3,8.31577195783392
3,4.014933210681288
3,4.620794594535403
3,2.736823226008715
3,1.9388836419703024
3,1.4135140607339443
3,8.333306024757173
3,5.0589117858309605
3,5.18419563054999
3,7.265767521409369
3,4.600844052814672
3,6.114264211658176
3,4.107293380455921
3,1.9069103296252234
3,1.502348063440814
3,3.526018680217822
3,7.117479881547004
3,9.2396837035009
3,6.9095144871676855
3,0.5235176205494414
3,1.1682532322871253
3,5.665569708404819
3,6.070881757264216
3,3.3498059378511678
3,3.636854180828252
3,5.964902150299045
3,2.1590497536843305
3,9.343014465630661
3,6.0803675557050125
3,8.689958263424016
3,9.793343143839392
3,6.7974717489228755
3,8.9331736999449
3,4.182448825951176
3,5.662993450864188
3,3.145437587134267
3,2.070706795789589
3,4.310853606624072
3,5.6343892211771065
3,4.122458271302199
3,6.533161584628797
3,0.9261525825620551
3,6.101808667003525
3,6.654691975800606
3,9.091778324578845
3,6.152452440680393
3,9.1109166967106
3,3.8222736407611624
3,0.9025351949445097
3,3.9900785570057664
3,6.692100984238779
3,8.61117169351974
3,4.075347242601664
3,6.27733394701197
3,4.716870050135524
3,6.005571789357734
3,6.1485458931214465
3,2.0070430081722503
3,5.323123573888124
3,3.3053924773089163
3,2.277239398668908
3,6.1474947435888145
3,7.378511776998012
3,4.046720672888399
3,3.3864948492972977
3,4.924341152671861
3,7.566243251967206
3,1.8077748535458404
3,7.165075084676468
3,5.287999951900459
3,9.555632873537393
3,0.7670581381202533
3,6.200979721612929
3,3.8437976454267244
3,5.487597386064648
3,8.05030752343844
3,5.305994958769121
3,3.0844043672532906
3,5.843503212743878
3,2.9879714454728896
3,1.996689767065654
3,6.116463614128242
3,9.287350949318473
3,3.5923111037820257
3,4.536042666561556
3,5.269725307805705
3,6.513868161628844
3,9.691690374915735
3,6.085096504071457
3,3.8541008052824868
3,4.5610018478890355
3,4.367662247841767
3,6.455838476184063
3,6.128174149773945
3,6.522687499115404
3,1.1448230386219147
3,4.3434745156195085
3,3.518122781959779
3,7.592116528723929
3,8.793321158872004
3,3.878988169585339
3,1.732704130386161
3,9.862911502975383
3,8.937305841039567
3,2.2657110352119476
3,6.828962869463139
3,5.752221445688563
3,8.848159595442116
3,6.302682621400151
3,4.6236586397267185
3,1.2962221418983884
3,4.5600687048520925
3,5.656863788507398
3,5.498162656997508
3,8.387590613907433
3,6.211880214444302
3,4.201446158666013
3,9.378073511372762
3,8.386056305679702
3,6.131950518877812
3,8.530859185914741
3,8.57839535674668
3,3.750665754515657
3,4.8907771664915485
3,6.410371735784491
3,1.9617741777345756
3,5.144470745306302
3,1.849334345068669
3,1.0352463031325572
3,4.640598868815808
3,3.0991152465125986
3,6.620576125181611
3,6.18233926498453
3,9.304128858008788
3,8.33396415342386
3,7.053258481120044
3,3.402528254507816
3,1.8636603633531144
3,3.772523409004032
3,5.98317900899972
3,6.4286545726800535
3,2.6555247443971415
3,9.638721264463559
3,4.795086896998318
3,1.2391690726976272
3,2.736185785921046
3,5.859957298690378
3,1.9308089899365444
3,4.958750096801302
3,8.009966391288208
3,3.145073305065334
3,8.014906908725312
3,2.9431060145939845
3,3.3344369747685985
3,5.179881714814179
3,6.541135160104533
3,4.096355908541708
3,3.1491613700398404
3,8.916738446351557
3,8.914948694522455
3,6.169894343347803
3,8.649099970226475
3,6.201002962017886
3,9.093609197294526
3,7.589622068931127
3,3.870781736252683
3,7.403426382154825
3,2.753030523319898
3,4.217191092377117
3,1.4880510598400696
3,6.190761077078152
3,1.1611421420332224
3,3.608190344704679
3,3.054190779224492
3,6.3731312231886115
3,3.98527278240059
3,9.115554034622798
3,0.9562145171667671
3,3.3230565591519503
3,6.222566952073271
3,6.745333979170488
3,7.792654119853978
3,6.438268377887052
3,2.7152271083393362
3,3.9563594656811953
3,9.664044911375868
3,5.863995709362508
3,8.497599709111952
3,5.059526524793833
3,4.542547278776948
3,2.5248642252144498
3,9.306195195459091
3,6.477679645764965
3,2.38940728962672
3,2.5451713167990198
3,0.6825077724480346
3,3.9964431835352077
3,3.6710114366459794
3,5.89751773025381
3,5.912020918203287
3,6.485386337208705
3,3.3358894973136435
3,1.583194850857951
3,1.9573686764499176
3,9.982201336368174
3,11.479767122248008
3,8.26347194147392
3,9.2919958882862
3,0.8262442839306683
3,6.469918739878469
3,9.474573282077548
3,6.161850874926929
3,5.983510965564456
3,3.4261927789010205
3,4.095947131542284
3,9.110721609346479
3,0.6268133656099018
3,8.80409259325572
3,8.635623871770733
3,6.240044942380993
3,1.1367509922355454
3,9.121578259195719
3,5.2809809255859825
3,1.5257822415584124
3,3.112421262114488
3,4.347244741857724
3,2.9194702719229606
3,8.759130921040747
3,7.393976259175169
3,3.51084262795016
3,5.536322143119689
3,7.57596469757518
3,8.181907396522384
3,5.514908929914704
3,1.3147066917038013
3,2.4421681110507625
3,5.720278763689848
3,5.551901528635752
3,8.02493000903782
3,5.667722895821807
3,0.9501661048234276
3,4.672608297865558
3,5.69867474052009
3,9.649629652285682
3,3.4005131527028527
3,7.796868811220515
3,3.866180791731538
3,6.838806781731748
3,6.180477378808934
3,1.4577993902461968
3,6.744500953780492
3,4.6759365584985595
3,8.905431550672969
3,6.897299700869176
3,8.697514399271052
3,2.028776461418616
3,4.886806911399496
3,3.8556630819164233
3,5.9665275939894515
3,4.839355406432205
3,6.006300904777103
3,8.870958734090935
3,3.212917260675713
3,2.821364801835877
3,4.144915310670557
3,6.063232671616537
3,7.873296539096351
3,8.749620533533983
3,6.226121570201341
3,3.8672615453772328
3,6.9572816478829
3,1.0182716354311645
3,4.233265644935063
3,9.458799661456633
3,5.597839487764283
3,9.616967467297783
3,6.793295152197657
3,3.223966271850332
3,7.132936735489545
3,7.87009419856048
3,8.858196238759291
3,9.512773750190554
3,1.969787878569724
3,5.6405105121350765
3,4.58173195599002
3,5.521479083867769
3,4.325017554420327
3,5.708734846882832
3,2.2034032959152023
3,3.4035475609082555
3,8.313482701254632
3,4.804831028631673
3,5.111320933603469
3,4.387399821798281
3,7.334525027885048
3,8.954765664931687
3,4.391442473480555
3,1.825839768296593
3,1.4595505761862029
3,8.758412104293752
3,4.26831841231418
3,9.052384826322005
3,6.408366108205581
3,5.17823348485783
3,6.358760081244187
3,8.928739440507563
3,6.332730156710517
3,5.62637036379453
3,3.5461034153234405
3,7.614883770083562
3,9.877797887936884
3,5.731786198594882
3,5.388547037779511
3,2.4319637195922943
3,9.549783779411294
3,5.609016206869897
3,8.080698633547932
3,9.194100811417497
3,3.6753343183484897
3,6.116102714328709
3,5.729818699548331
3,9.509879312000564
3,4.450890491730472
3,6.805861976574496
3,4.309400904445509
3,8.598512489190576
3,7.877098204722631
3,6.066168399362168
3,6.290230238609858
3,6.028414624364757
3,3.290132563345855
3,4.3889598817561035
3,8.695313216355894
3,6.815319868200695
3,6.263657311566501
3,6.8503864163903385
3,8.495720005856114
3,6.813616161349189
3,4.146983874279979
3,5.496052639493928
3,6.500914427909416
3,4.945079012821097
3,7.231775310705935
3,8.762829607158451
3,8.528992871828304
3,1.699526049297864
3,6.737281563730199
3,3.6714126953188426
3,3.8269278119212884
3,3.0084987001196266
3,2.915405727491863
3,4.3270287015338225
3,7.611845986498332
3,10.48229871106578
3,3.5651065211237114
3,4.226476526391542
3,5.619156711889929
3,8.973505970816674
3,7.719050115560594
3,4.992472931527022
3,5.28196733415572
3,4.263291572833307
3,6.114936278331143
3,9.395712113040902
3,8.99955499211931
3,2.955128249307845
3,1.4855332151271776
3,9.188406831923341
3,11.3734368097004
3,7.275772344246663
3,3.3459220775002425
3,4.456049305068741
3,6.737114880710749
3,1.8065537658770368
3,7.059474985668045
3,5.821281570253367
3,6.6037712667239195
3,7.860325209128545
3,4.180929296988827
3,9.262674419036045
3,1.1321988058221963
3,8.209064553414947
3,8.818132195774673
3,2.016897485663443
3,6.906727951538637
3,3.6956843201767287
3,7.872146361170508
3,0.07197398772279873
3,4.899534374764602
3,7.987612747808068
3,2.5005749155877064
3,6.213235867322473
3,3.5750546750604184
3,3.6027187310483675
3,10.065250333879838
3,9.642845291353288
3,8.765183479914525
3,4.213746998415871
3,6.305362414900259
3,0.9426940847947569
3,9.419508418760085
3,3.856802367271353
3,8.731001583919506
3,7.455871623194271
3,3.589043729622592
3,5.839727159007869
3,2.7497782802416273
3,5.908180750190986
3,5.484461532810205
3,2.4619637635079608
3,2.690385847356602
3,6.321119636476451
3,3.644621533627586
3,3.8244510888736953
3,6.12903408080128
3,1.740084228553697
3,4.870661578829827
3,1.9644058036947656
3,2.9633849994972574
3,7.083759647483218
3,9.351560047492962
3,4.5302575933406874
3,4.713793797095393
3,5.349418934226686
3,8.31818056570994
3,2.7700093501779244
3,8.695860904624162
3,8.0965789400856
3,9.68479617721204
3,8.214323687873378
3,9.412779253938622
3,3.0441687322342093
3,6.824943779244328
3,6.328162390657719
3,3.6632912605599115
3,8.199803441036545
3,8.918817124488086
3,3.0460127746549617
3,5.2345469294032725
3,5.695320138666703
3,7.313786956376024
3,5.701090214027204
3,8.511386830271332
3,5.956314580308417
3,5.653459380352503
3,5.482099270433518
3,4.1695192938819945
3,6.250793446553704
3,10.27270974013684
3,2.969337509017789
3,6.299322099442078
3,1.52851096790045
3,3.2386969540316395
3,3.4129670697629204
3,6.849513788889043
3,6.574191018722699
3,6.892076502750946
3,1.5357491357853927
3,4.378185963749865
3,6.670300507297277
3,4.3498027505599755
3,6.763655269038894
3,2.1408017224392415
3,5.9029428227608935
3,8.899012364269588
3,2.6956662088790546
3,3.5009335173180025
3,8.496505778481891
3,4.487694567891757
3,9.697069825706967
3,0.8602782792420587
3,3.393322431935602
3,7.221786433587494
3,4.197012889873366
3,2.9437576340232763
3,4.406334403869541
3,1.1421430418724725
3,5.970093385077692
3,1.1244167833122158
3,5.868586183964307
3,7.145385842318389
3,3.141167881266379
3,4.126731238817142
3,4.297641797585832
3,8.71443050128269
3,9.443023206222191
3,6.546926415348977
3,6.697307157077612
3,1.1591275459923118
3,8.955319801484256
3,3.9831554412290027
3,4.060358149729047
3,4.465836791960461
3,6.0594712898218255
3,1.8150321766603443
3,4.1913687875283845
3,1.2281141959174287
3,8.927862608455353
3,5.386369908128536
3,5.818634247363841
3,10.00724033301895
3,9.242290656395339
3,8.238566348525527
3,7.4811175135021575
3,2.546738133855006
3,5.98759938944895
3,4.271049421933883
3,5.561391453632378
3,7.993157222331918
3,3.198419335493314
3,2.898948406891555
3,9.019348487643876
3,4.244132800098624
3,4.077059717243311
3,6.483147976848987
3,8.821677873662582
3,7.67094052293821
3,7.560076334645694
3,1.3810176474875735
3,5.949011302410545
3,6.43698019853823
3,8.22453721156779
3,7.506106801335149
3,1.8769795122952966
3,8.43828708686125
3,7.094525245784433
3,9.064993940305657
3,3.5631170481895555
3,1.9432252399721701
3,10.260344542979869
3,6.573186057711511
3,5.971456013673648
3,3.561125532472124
3,6.254280519023386
3,6.73376111123339
3,8.481719739861584
3,2.5271775075249345
3,6.229849808243458
3,3.631635915784817
3,4.0140474424227754
3,7.418520945657927
3,4.150448452071118
3,8.621901274617112
3,6.394091727764779
3,9.5404909817772
3,1.8557883521873344
3,5.083480314225279
3,9.29729979931006
3,8.50177015412325
3,9.471879648890313
3,9.121360774005108
3,5.6849413779615015
3,7.055669057868
3,2.554853053287859
3,7.594688231831608
3,6.373277932397416
3,7.634192846483092
3,5.7641213798643385
3,5.771839982714361
3,2.641415069170778
3,3.507125565045267
3,7.608392739711846
3,9.291478713883087
3,8.515554465611853
3,4.611897674655188
3,9.818944580828244
3,1.403670876708151
3,3.165347407886875
3,5.1640075484155785
3,9.982342292929838
3,6.791280410546505
3,5.902636780097478
3,8.492130612316934
3,5.462887877735629
3,2.878757654309231
3,6.169378763327813
3,6.995980944648761
3,6.826933979037526
3,4.158065289358877
3,8.903542865612083
3,4.24365554936441
3,1.7152309960112881
3,3.042286626988649
3,8.778612867421648
3,2.787175466559006
3,3.32337824816079
3,0.8218431326171469
3,4.217841710616307
3,2.702328218247061
3,7.718779489235539
3,4.23669501878526
3,7.07026354274567
3,2.866653266498231
3,6.711354800230568
3,4.327295629827577
3,5.774206052100528
3,9.86216166634339
3,4.456364683542925
3,4.750611014020128
3,3.395152525790359
3,9.19994337834329
3,5.258813751854714
3,6.2560510999250845
3,4.92902097698358
3,4.778005827178884
3,6.010003875811366
3,7.0055839073601
3,4.4593101327473645
3,8.2847139350196
3,10.30682531347753
3,9.436702994057313
3,4.469863364229111
3,5.131465875974138
3,4.285598603416635
3,2.4905064079349577
3,8.392970295979424
3,3.2315010777317696
3,7.323034843954374
3,5.2859345056674485
3,8.247317989702177
3,6.311793938724486
3,8.907189052031887
3,7.440840582866019
3,6.473005100529687
3,7.641283286461877
3,3.373219974635129
3,3.5206646188719706
3,9.975675751674407
3,3.120436249777318
3,5.381170340178599
3,2.1595458507236285
3,9.348001591410924
3,5.745208147713991
3,6.04116362044076
3,4.269290169289409
3,5.366748076683528
3,5.349846234022092
3,3.596710576503445
3,5.739447378332727
3,7.359640582422134
3,12.051803020091484
3,9.170636186446961
3,8.597118110088212
3,4.036821608570424
3,9.29245977997618
3,6.43665178746353
3,5.818545940152527
3,4.927279779573521
3,5.071352447381748
3,8.254389660678484
3,4.162915801380974
3,4.558689081586688
3,6.020194903335969
3,2.186617337503167
3,8.128206442320437
3,1.2260967649331207
3,4.582293105011624
3,7.55624876796924
3,8.216649251599714
3,5.816328424907679
3,3.4203925682423613
3,5.979039380115735
3,5.5831299182931415
3,7.0509086630033515
3,5.0841057386450945
3,7.525183853533612
3,8.736862263645707
3,6.340670525492998
3,5.9854933799321515
3,3.607508651230881
3,9.053292150106127
3,8.916093847885161
3,5.572235589345573
3,3.4383631825387004
3,5.237750781278182
3,6.551316182023815
3,9.527118101325588
3,5.349897747995041
3,6.941450522152062
3,9.046089397544971
3,5.805534647231511
3,1.8267906526743405
3,6.039267446709562
3,2.0159170163871014
3,1.9165906303332356
3,3.6692732272220185
3,6.7707649704927775
3,9.288050097367574
3,6.147818694491375
3,7.294652174477127
3,3.4051995370080346
3,3.0594499456476916
3,6.069919316462887
3,8.153624573815689
3,4.257785110909396
3,5.2110688999572625
3,4.547227184394938
3,6.307088039973104
3,6.480080495917088
3,4.826847822520162
3,3.0951322757896254
3,3.804931276145723
3,4.814930206845416
3,6.761538286310546
3,2.0482850204851495
3,7.432609166461382
3,7.104776935133911
3,10.172049967511475
3,3.6841129791246607
3,2.225513174196254
3,5.411195661939391
3,6.485684488657944
3,5.952580099768383
3,2.616407567122095
3,8.528176719648124
3,1.145841257868623
3,9.622857165445243
3,8.959732121842617
3,6.856702396355446
3,8.737930114403143
3,8.329640659766229
3,7.253124107131118
3,6.1436128942328825
3,8.903334687137038
3,8.965019288643637
3,5.541624110999502
3,3.1423793642790656
3,3.9790838762095966
3,4.652331181646236
3,7.52399018935081
3,9.860888038065273
3,5.920325945117672
3,8.018532167626468
3,1.9570069993307342
3,4.510832114219126
3,5.8289414134532995
3,4.264292047981471
3,3.1549019866156187
3,1.753858966670606
3,5.9005913716457865
3,2.1856928093420813
3,8.526176352296
3,5.976005753590375
3,5.775762180692202
3,6.031632905640592
3,6.534925212179136
3,6.2987202658601875
3,2.378542960163484
3,5.781173522209288
3,6.005210016313023
3,6.50981924532179
3,7.016388938741257
3,5.652683445505791
3,10.133129491926127
3,8.98505757550808
3,6.1036624334251295
3,6.780733162512406
3,6.998348910388482
3,8.184687218814247
3,3.922797625725205
3,8.555586807636047
3,4.080587031682788
3,5.646802071451878
3,2.663368794852647
3,4.444813066872036
3,2.608999246491912
3,4.222971329990236
3,6.566906036243871
3,8.564649437052026
3,1.0977997936979351
3,4.068460680827461
3,3.092896589384763
3,3.7031392008917607
3,3.0122787493367955
3,10.024922614527162
3,4.90950147309259
3,3.9445004084235125
3,2.0081062837086914
3,6.773956992071016
3,7.222305565724911
3,6.631565712108528
3,1.706693978061604
3,4.94588104162471
3,6.5921712083500275
3,4.787009823984318
3,2.9734484393689753
3,7.2276106575899615
3,5.632623118726588
3,0.9619303843960154
3,7.059941938818113
3,1.9592518611382905
3,8.129371006217674
3,9.50731381392211
3,5.9384335172116405
3,6.753408040132832
3,8.277707666999337
3,3.2231752317873754
3,4.211810768404542
3,8.497550899007203
3,3.926482133141219
3,9.991124386400344
3,6.671683880009316
3,5.9578759169367395
3,3.75947551713371
3,6.388410175883814
3,7.318435798181692
3,9.631713689541332
3,0.4262534145727921
3,5.828942960312503
3,5.958704678969138
3,5.6972167207169955
3,6.945857807927136
3,3.980469908832066
3,6.057902393733964
3,7.714675507801999
3,8.488559793887749
3,8.134576304962943
3,5.773254400953767
3,4.190278013830449
3,5.953511644695593
3,6.361288095102223
3,5.889753986171553
3,8.081994142223788
3,3.0810973867336258
3,2.4299396029544056
3,8.92924888125987
3,7.118691475137328
3,3.6263124786722933
3,4.327488947907729
3,8.124427739271072
3,4.381325957505871
3,5.322160222513591
3,6.444136882459234
3,2.744922109328955
3,3.332099285200147
3,8.480255317435075
3,8.582919255840075
3,6.752023550900414
3,3.286885983912606
3,8.291022870345998
3,4.8968699040941335
3,3.501582745319271
3,8.311073957702632
3,4.345272295670438
3,8.896161428008199
3,8.838451254761212
3,1.760823312327414
3,5.428364420806544
3,7.633538410921238
3,7.429173997152843
3,5.28828744770238
3,5.705764592112812
3,9.730563077552464
3,4.318059194337702
3,5.657946423534886
3,6.370192095734087
3,7.227330052644367
3,8.030664729891681
3,3.927342479462755
3,5.6676439351136985
3,6.927090852917136
3,5.224665878204726
3,6.402614208027737
3,4.089931047578299
3,5.2224202234913335
3,8.158646427097414
3,9.812197858474871
3,3.7702777059107606
3,1.5019614359500362
3,8.829404953135853
3,2.358801120756833
3,7.246517369127915
3,2.7315389825208696
3,6.333143287676621
3,1.058603757451169
3,4.056266772407721
3,4.477656408546556
3,8.801637975428498
3,6.325166301300629
3,6.3089776892789455
3,6.86967691248165
3,8.445084670300568
3,0.8802984164383061
3,5.251901147274843
3,7.54800342553605
3,10.127153069210326
3,6.5216761708093305
3,9.353641157644935
3,4.253181242412342
3,8.256899510735273
3,8.616033416311009
3,5.974672547561609
3,8.374262747237607
3,2.0790292052626214
3,5.319584915520007
3,8.43176798537326
3,5.235343506362666
3,3.966486105487352
3,6.829827196543772
3,5.213138071047672
3,7.047341950484178
3,5.541532863419045
3,6.084936564149925
3,4.589267148286591
3,1.5641104500969347
3,4.086290879806454
3,7.899037337181497
3,6.115741748840287
3,6.83394674897374
3,8.168242318662603
3,2.0490626546598176
3,9.362817289076142
3,6.9986050630794345
3,9.269661195316731
3,9.093418144106826
3,1.7753039204780858
3,3.001948774523097
3,3.9956476084948576
3,8.014341694289518
3,5.992589446956798
3,5.0378996744258515
3,8.848087890426557
3,4.22842870675829
3,7.734515574247352
3,7.0980877155607
3,4.73066401398935
3,7.483493740235819
3,4.614183669724921
3,10.824140486685847
3,2.3831529391128297
3,9.520539121461042
3,8.71277791812301
3,6.383064385177924
3,2.734790903539695
3,2.5097437710926798
3,8.415237100762912
3,4.6797590442378905
3,6.83383491450399
3,3.929182265485002
3,5.072499972202132
3,8.445174472298675
3,9.008365931797181
3,5.761544945851289
3,7.445026367456171
3,3.436325319248889
3,5.036407697580827
3,4.716567483989361
3,3.8225326232539025
3,7.939943540229379
3,5.459005978276844
3,1.3260386246434708
3,2.7466778833695136
3,6.040399068545014
3,7.334197689027849
3,6.913865652703974
3,6.876294630811385
3,1.771162450417786
3,5.607804991906074
3,1.471010752199755
3,8.578566488091553
3,6.912654832230977
3,8.766317637176885
3,2.9573160186633998
3,4.8019244751349355
3,7.228518805042279
3,1.8550719095450372
3,3.3488398724949384
3,6.935208602902244
3,3.1714038389948547
3,8.831904302782549
3,6.20549702583928
3,4.1694458093862625
3,5.813132769356958
3,2.9027669376663683
3,8.178707567557453
3,6.24081783458333
3,5.632757140054102
3,6.536970770436536
3,6.857093764789622
3,6.310292349242274
3,4.0952958830455675
3,3.8096248441111413
3,6.335504379885363
3,5.9888924773603005
3,7.6455757673011195
3,8.731265030379852
3,4.858149088457729
3,7.188921368052928
3,7.212640161476272
3,6.1948986467736304
3,4.036157694076091
3,6.450490629390588
3,6.5609000562100155
3,9.244699708535101
3,9.10509085394646
3,9.046867899320894
3,3.4128738655503668
3,3.558899913673623
3,8.117748144572442
3,2.528773939785461
3,2.966388243467806
3,1.1184164889273847
3,3.872755507155705
3,4.391585232697417
3,4.557008878469447
3,2.41412556282394
3,7.103463877164705
3,6.979369375391276
3,7.551942226462234
3,7.24650722711286
3,6.67802700207757
3,2.8256630446660793
3,9.41806948744523
3,8.915898690978487
3,4.734486715812009
3,7.770515695841009
3,8.739095468251469
3,4.933736054418173
3,5.8944547555414015
4,7.455961953816157
4,2.3372368074511094
4,3.658454795822819
4,7.850661812359827
4,4.490850782600141
4,5.375889805590792
4,3.5512664653088764
4,6.069261175392308
4,8.655960361201593
4,3.329606660864244
4,8.092076233397222
4,3.158017791499203
4,5.418980603287392
4,4.761143900927561
4,1.1174387624317343
4,8.523660160589708
4,2.954457357308769
4,1.0125244315250086
4,8.17164693242161
4,7.595054178958079
4,7.335864883917851
4,7.807749231221884
4,6.535148554157461
4,3.4916294481596535
4,4.319116697773932
4,6.449471090344974
4,8.315688802688364
4,8.174705312792149
4,5.944683152861142
4,8.058334450580944
4,3.1751944608845175
4,4.234871674815903
4,6.9072220845915435
4,3.715209528748005
4,7.521099039595887
4,8.081156635873105
4,5.527269448364171
4,8.156479694009567
4,3.8289993066005725
4,8.4635783512446
4,9.372569697965035
4,4.3097889810334635
4,3.5704843823287566
4,1.3905466914898454
4,3.7413810713489264
4,2.6249008613410494
4,8.67076103882888
4,6.913073665456136
4,2.6838846971381103
4,0.009033269309145053
4,7.504422399362598
4,4.211568484555732
4,4.403620428638191
4,8.987653039816657
4,7.954446494971088
4,8.207126915401277
4,2.5200470239457147
4,3.900007614934762
4,8.840490566569674
4,7.379176161833941
4,2.5142238291147287
4,8.047809961701898
4,0.6113763824220245
4,3.6019405879622015
4,6.977280102958726
4,6.695505969788446
4,8.04842974419999
4,8.054660509482877
4,3.761642799712795
4,6.738988271574589
4,5.917817523620914
4,3.2484244267559665
4,7.2533888499943115
4,6.5110855952619495
4,0.7814030193971738
4,7.790882118930617
4,7.281211886928849
4,6.910368309104676
4,3.997272259666431
4,1.011485738212022
4,2.341437844998679
4,1.5290404319597024
4,5.2658502465815875
4,5.5243304204470505
4,7.174607589952945
4,7.47796429453513
4,6.579345986757278
4,9.282854466217785
4,1.4925673990869073
4,7.789122351547984
4,3.9365088790524583
4,8.711588624890345
4,7.182326326207557
4,5.063802287008764
4,4.1618350378078155
4,4.306714912131285
4,3.0079721472613232
4,5.943380895851007
4,2.823046131291639
4,8.924091121335946
4,0.8365610719531261
4,7.315475295559425
4,4.653207594548013
4,5.0260933873643285
4,4.970238869611743
4,0.13261732799355697
4,6.496002883113723
4,7.471925424440482
4,6.647956635664679
4,0.4514871543648027
4,4.996876308128088
4,1.1334499601366896
4,6.494379797192002
4,5.809350546660233
4,5.732455185560411
4,0.8011753608344693
4,3.8664674976575752
4,4.751574927539822
4,3.5024153345708093
4,3.7885469582439755
4,8.55626104923559
4,6.73611903176071
4,8.421690265384683
4,5.982290021766729
4,6.848201005351488
4,5.134589640076871
4,8.556609480193956
4,8.920432988190973
4,0.894542384050291
4,5.395502428510434
4,2.4345082401318505
4,1.1604501129405727
4,4.1016061976860225
4,7.0832579100804764
4,5.519893059542418
4,7.955643617922007
4,6.2762429330215745
4,5.139455336574022
4,6.791210975308886
4,6.237570977128135
4,9.679563245365408
4,6.627197019050287
4,6.104586873932236
4,2.3167894615866476
4,5.429331389169456
4,1.305312582568123
4,1.2266641506964766
4,5.8006424268766335
4,4.580372009239211
4,0.8111110534906212
4,3.4249006266148454
4,6.625631212379896
4,4.494939753724369
4,1.005744074997125
4,3.9034583625171306
4,3.2798061092998747
4,2.9072077329620294
4,7.550399536386288
4,0.8834941266155532
4,1.3804936019668894
4,6.580027236850023
4,7.800855665701911
4,7.946462737566933
4,1.6098054791391982
4,3.332828167646405
4,3.979848470921967
4,2.889187570278603
4,6.966042027534948
4,7.565917799682634
4,5.16127079033384
4,7.577794259327153
4,6.879118212628956
4,6.723772613242897
4,7.6340526266976685
4,0.39350034764528685
4,7.514197874059152
4,7.091126650026863
4,8.350925964620973
4,6.2387070168454954
4,8.588520430010638
4,8.861026604736598
4,6.946935588701708
4,3.308661510063297
4,5.058312314853411
4,7.940755313129989
4,5.534435537325891
4,7.49020134132452
4,5.044983029145886
4,6.814166119552261
4,5.364647091739988
4,0.4576632238062135
4,7.04849625864477
4,0.9433044284356835
4,3.1285479162355547
4,8.710397644122757
4,7.4191198887935235
4,2.5982946647399707
4,5.566668307888659
4,4.996656101253004
4,7.553428740821789
4,5.44736137549053
4,8.703212613579815
4,6.691881417813846
4,3.2736325770716896
4,1.7791525773169075
4,7.249679665042392
4,6.016709436830295
4,4.474028952041455
4,7.530128143097842
4,3.1455304934090305
4,0.27002448890199016
4,2.8438000664256617
4,5.203769164288488
4,7.086356058152747
4,3.8207961761216227
4,2.8743843846016253
4,7.3110628992710405
4,3.6707994722637123
4,4.320825580907478
4,4.704258173644546
4,3.610672374411607
4,2.9059810708188905
4,4.489956663147316
4,7.832830928484685
4,3.3990689540507266
4,2.6178877288935816
4,5.899044546232208
4,4.2116615675174165
4,0.7729277155132241
4,3.910201657428106
4,9.257759402833106
4,5.3722845722195505
4,5.464446611135999
4,3.1158299316161875
4,6.81501464775391
4,8.495908520773677
4,7.661059072625361
4,5.6748628856219065
4,2.700179114049245
4,5.895217332322607
4,5.476674561225906
4,0.3461175046721543
4,7.294890524922344
4,9.074788842675245
4,2.3427673768360506
4,6.740600556059215
4,6.999387183367492
4,1.7283056759276056
4,5.892071094085999
4,3.004632864011735
4,2.137977149615208
4,3.7789667003874685
4,1.547941827643117
4,7.824070203680903
4,5.07281982404238
4,3.8627770647638364
4,3.9725691918099457
4,8.195820193257552
4,3.303630637413562
4,6.13624958655352
4,7.6310640923112105
4,6.828487672588344
4,4.266288911309552
4,3.499313351139907
4,7.9651025788551575
4,1.1703533612072081
4,5.137000166981327
4,3.40496973285875
4,4.418110574342165
4,7.743925591459329
4,4.125749984832154
4,5.490685234146724
4,6.963003064246527
4,6.540496264218629
4,4.420943816355393
4,3.532294307989604
4,4.57299387124448
4,5.885472558490571
4,8.666951403473153
4,6.329833508565184
4,6.870210216222
4,6.932405221223087
4,2.9016342423549326
4,5.845285943960758
4,4.084024785082897
4,3.295293345159336
4,8.587142980558127
4,1.3531332441376724
4,1.0331725235501534
4,3.581823378224032
4,4.592110492479652
4,4.675549896221345
4,6.605256890640771
4,4.116931457421263
4,8.000240884871845
4,0.35847556751620513
4,7.836378170040194
4,5.939557622639356
4,7.749576911547186
4,3.2279392288111124
4,1.6507232209582356
4,2.439070566614423
4,8.158946919043755
4,7.637801594485842
4,2.4732226547794016
4,4.312148800412822
4,4.864773877874968
4,5.963564921764427
4,7.7423159409207525
4,5.091875503494678
4,4.179152980130487
4,1.2797405832202648
4,3.484744168944082
4,8.507855871414325
4,7.471030509409642
4,0.1671229267443365
4,3.072143187253286
4,6.044087723805289
4,9.181595770710484
4,2.5547512699314114
4,3.559195464439201
4,7.3672708251909045
4,7.099767925192829
4,1.0865536253347714
4,5.277510447721773
4,2.310385922277418
4,6.799233088650868
4,0.882942402208431
4,7.829143794555431
4,3.166956650570111
4,7.5378122961528184
4,0.8594334478431281
4,2.9043362388320606
4,3.2528406494374895
4,3.496100134783638
4,2.097551900933227
4,6.283338095561361
4,4.931736852133327
4,7.86972007737908
4,7.783185303806662
4,6.992282940212228
4,1.5535985720391525
4,1.011219731448813
4,7.128974956521862
4,7.304839858568264
4,6.898210959385382
4,5.151729857534712
4,5.841953690587836
4,5.816930877818857
4,7.9749668808299825
4,1.0717278114520037
4,6.9659192831982315
4,8.911646606141671
4,6.07694747806271
4,7.599238753734944
4,2.849867328058822
4,7.78126398237261
4,3.2997239554129116
4,6.46148946127303
4,3.760058848764208
4,8.714371670022006
4,7.789477931440948
4,2.5107740804035616
4,3.276525840538006
4,0.45025331321049933
4,3.1902122181737766
4,2.761752348224074
4,4.02709745189752
4,4.392545265269346
4,4.80018382380668
4,6.22809354253022
4,2.7422576240766956
4,7.444202930128679
4,4.616235460742686
4,3.736335038049587
4,6.590822772156642
4,9.365475952551375
4,7.2967118208075785
4,2.9758130960326334
4,7.605534175088537
4,7.570623295776005
4,5.59452669755114
4,3.5028761879185097
4,5.808200119998046
4,7.563050056593611
4,3.7533316170917557
4,3.359731263235918
4,3.527422249181804
4,10.281280037439728
4,0.9698802529537542
4,5.869476315968288
4,8.512033826338593
4,6.4551464452211444
4,6.698510748248208
4,0.6435532575295833
4,2.925003643505339
4,5.569983606909941
4,0.7149966719887635
4,7.934644920333232
4,2.795406313201393
4,4.948676219033032
4,8.337895703561232
4,1.2209668379249117
4,8.24297345271665
4,3.5181626328323556
4,6.045333413236267
4,5.109775582138819
4,3.661521024412727
4,3.89617557613415
4,4.342398914009568
4,6.931513265608412
4,3.2781149340300577
4,0.8218792440537136
4,5.459167540092929
4,8.948311636737632
4,9.665808789367496
4,7.45909796878536
4,5.409960079482554
4,3.3708862443595216
4,4.2578728681292795
4,7.386804487100941
4,6.72102102075325
4,2.4772840981813986
4,6.526582107039092
4,4.116947982198207
4,7.594800327834802
4,5.1860379143240065
4,4.085752898997778
4,8.315307677584908
4,5.827298204014204
4,5.749171118612704
4,7.926611570748811
4,6.319887221565601
4,8.132616879143328
4,7.294869378316645
4,6.3482277591755505
4,6.550057567792377
4,5.857260800261699
4,9.019602407355372
4,1.2812730846212304
4,1.6880783943740847
4,6.686408316084326
4,8.046315831933448
4,9.051580137365999
4,5.896266590376657
4,1.2089162915098797
4,3.457359869516171
4,2.1065129463220456
4,7.803749923136518
4,2.487221866559885
4,6.735259235130855
4,2.951285752713378
4,9.204817616432745
4,2.2631307651101
4,1.029623221771166
4,6.860689149403264
4,5.587187627473137
4,3.478213155995574
4,6.658353784389085
4,3.775607640131957
4,6.900442724103129
4,4.872292013887004
4,5.3312862971043415
4,4.796611650056277
4,6.58252653550315
4,1.1461227308210593
4,1.1088131183842254
4,2.5486816566663224
4,0.20671023655838527
4,5.273586939124228
4,0.40092996957600324
4,3.5464086363337253
4,2.9608630341113624
4,4.867976274454611
4,7.86419955599678
4,1.784439498718391
4,7.689917650791763
4,0.9948797756554038
4,5.752991936194605
4,6.8219752992636815
4,4.728974560446613
4,5.574602904631291
4,4.2533074425549415
4,6.76903311752542
4,7.423343343997436
4,5.624467270713999
4,6.477204590298596
4,4.848828874560411
4,3.116641017076834
4,7.3771579314911735
4,6.040619692135923
4,7.75321267945627
4,2.943396169083173
4,5.849305820121935
4,8.504377088552515
4,0.8755973341820482
4,7.967379099311292
4,7.560435916172873
4,8.60303931064549
4,3.9125026375781102
4,6.387389331943769
4,7.879770641822002
4,2.1721987354612544
4,1.3892762138061767
4,5.700107933272066
4,7.579117487065362
4,4.273510936453097
4,3.9293463005376976
4,4.26911537615935
4,7.853376790947593
4,7.711356447007918
4,4.383454796731396
4,4.630839054426775
4,4.76390089965348
4,0.7753290648835247
4,2.854589062888172
4,5.387890177260664
4,5.483246739152695
4,7.531730579947944
4,8.027988648960857
4,2.835011633901128
4,6.060857755920242
4,1.4024673300390906
4,7.018499697447345
4,0.7533327739153963
4,2.014449504321907
4,5.9758021117619355
4,8.122766106164896
4,8.565930683432002
4,4.121918039710779
4,9.702262289346312
4,4.327325084281564
4,2.2425997983169825
4,7.527997369540575
4,1.0046670547152925
4,6.60829112227776
4,6.076141063025354
4,9.768075715136195
4,1.4468144966372918
4,6.48086247769985
4,8.111412420543104
4,5.631726439153112
4,3.207269189677018
4,2.4501682392621706
4,8.20699737118905
4,1.5283391532365505
4,8.057034579696525
4,1.2771673320565713
4,3.5280885657657315
4,3.5083663459117234
4,0.6975496373024876
4,2.717178988064021
4,4.171934438642266
4,1.2092808605685796
4,8.641725646647389
4,6.59684393664331
4,7.288319523343853
4,3.7117116929064857
4,4.301599996280169
4,8.435272593197741
4,3.3813800903398152
4,6.950211071860866
4,1.32513189006266
4,0.7365222498351573
4,3.0568841585481255
4,5.048770397034829
4,6.650816259052557
4,1.2069877292078535
4,5.633554750270644
4,9.186306123740259
4,3.3959436121565627
4,2.2018987571712425
4,0.8015685942291585
4,5.5780650879426865
4,3.894606400866154
4,5.264312338521621
4,3.586804875713366
4,6.026377070337684
4,1.49453628392256
4,3.412531956147285
4,7.150055448657073
4,6.998502520059471
4,8.114277036825186
4,6.275151425354366
4,2.6859465372151288
4,4.8100934839853124
4,0.24533693213592045
4,3.4405101342324493
4,2.903009340706865
4,5.310003151982875
4,6.771188422912257
4,5.492208192225904
4,6.716875762645634
4,3.9365375983788438
4,5.78763317348322
4,7.753473692333855
4,8.602414611184662
4,7.466107820277144
4,1.618066986702567
4,1.3604817850775104
4,4.7779787707813215
4,5.416652251745418
4,8.722499483528438
4,6.932185190846628
4,1.214976555117442
4,7.817933009656899
4,8.115888231475402
4,5.474502280909185
4,3.080000714398046
4,7.273275234667608
4,4.128064028208382
4,4.2102694004866485
4,3.5509047092506654
4,4.875296961487585
4,3.7577982956473157
4,4.427696479645374
4,2.496087869567086
4,3.4689100334518534
4,6.677379807290331
4,6.830692647390977
4,1.2504630222746167
4,2.5918764972784474
4,3.3109195056777083
4,7.803750481361115
4,4.062924621755744
4,3.6084911212072095
4,4.028615068600341
4,7.519218173989327
4,6.3463519690464985
4,5.283169671806215
4,0.38360252069652223
4,0.4905298057733346
4,3.433569532925326
4,5.854148403333371
4,7.227614270663768
4,2.462407198018637
4,7.633585555181355
4,5.052116353409113
4,8.527424640691168
4,7.603845403259252
4,7.724147999198196
4,5.561822372156731
4,7.692404509623609
4,7.103337988223024
4,8.33600594361714
4,7.571440307869011
4,3.6980762316599622
4,6.76070501124177
4,1.666122683143585
4,8.066978384116055
4,7.0631954777884465
4,7.670260774065845
4,4.2836028008566505
4,7.418894440287615
4,3.7847951734086718
4,4.338380389268906
4,7.1265518866279125
4,1.2068925215964725
4,6.753791439538533
4,5.204431513180566
4,2.088609677120795
4,6.531830371782058
4,6.1816214960427
4,7.80417033886143
4,7.343099066654197
4,7.141412735628021
4,7.604802365321032
4,1.2798065541015538
4,6.8908134297012325
4,7.703688426321796
4,5.178282744717907
4,3.653722328247405
4,1.5446239905617982
4,3.6597191588023623
4,4.471477148741898
4,8.19663444189489
4,3.664521910799367
4,0.731122191761034
4,6.398181061443823
4,1.2081469179957542
4,7.456740064874077
4,4.549817696426364
4,3.0791170757969
4,7.533826559374759
4,5.2200500190046775
4,0.5546595082883983
4,7.934162258345442
4,4.909220176595979
4,0.8535537909237683
4,8.60092243640607
4,0.9127494843387045
4,7.352441846472305
4,6.576664723048703
4,5.556891071363765
4,4.044880692727107
4,9.310109841992178
4,5.975696127838477
4,9.15388158361038
4,3.9022480362052985
4,7.613049143248855
4,3.6717580100853855
4,4.277635581191669
4,6.14737641493315
4,4.834088047430435
4,6.579802990934018
4,6.290967970223943
4,8.160672062637321
4,4.812369329946782
4,6.96018654679653
4,5.320707587963746
4,7.040104515419187
4,1.4142717389149864
4,3.670184751336846
4,7.35230714879968
4,3.388929968094589
4,5.3961555276810795
4,4.415812720616229
4,6.404650490640134
4,1.3666490749304518
4,7.461887300142938
4,0.5145015676560996
4,7.854108648475893
4,6.295136195628947
4,1.3641596163745884
4,6.904796414484052
4,5.042365361508512
4,8.262896023585604
4,3.5449513447337413
4,7.91118809234613
4,5.363891980411447
4,7.7681422000444655
4,7.917711533418022
4,1.2624853948249966
4,2.6005554535352746
4,4.39334740210087
4,3.356851188135911
4,3.409060028421034
4,3.108956856328338
4,7.792935418287111
4,2.844720813270653
4,0.9800799969638518
4,8.003836977636954
4,6.705869634792523
4,1.2100325242956214
4,1.0211492507871527
4,9.342305354013039
4,2.2299483286493933
4,4.579582503034612
4,7.674633316655991
4,9.035052938089656
4,6.873212329361266
4,6.920901574239859
4,1.885204410153698
4,9.15035635399466
4,8.02444387420182
4,5.530726531878262
4,0.457152301007842
4,4.098695386318209
4,3.077906189766371
4,2.9847955017823673
4,2.504321838292663
4,3.694759386500605
4,4.350155895625196
4,1.77301176703597
4,4.2334286032638015
4,4.447211943451933
4,3.267623985559812
4,7.837890291813971
4,1.0329963440199292
4,9.123288301586465
4,1.546572950569209
4,2.162769737807126
4,3.0182731750206893
4,3.7879609975778616
4,8.191490213183256
4,1.4847729235391052
4,7.487009615677054
4,3.5683286924761317
4,6.494082938001691
4,1.1412229454119491
4,4.147340060826539
4,2.2779772153667635
4,5.731119827028095
4,8.840858529052056
4,8.011863916722904
4,5.865402345873193
4,5.162600746362628
4,7.473767813120181
4,6.689171150837099
4,4.922124108089129
4,3.5525666728114214
4,6.10562520651564
4,1.4559232182770478
4,8.17389880561728
4,4.577434170248096
4,3.5810869063242516
4,8.162027134195906
4,5.5054439507207515
4,7.642693352664366
4,3.7252218008288085
4,3.9122134606031325
4,5.059702856786979
4,8.14820867378555
4,2.3776538599293415
4,8.09483390973349
4,3.805764777126409
4,7.2760932454509035
4,8.632339090782917
4,3.302195676076524
4,4.0784281244837395
4,6.781064246138438
4,6.806291236730907
4,6.2851954694869585
4,5.8812352157066545
4,5.50472591105357
4,3.97258767754616
4,3.125919505670825
4,3.8188989614796305
4,8.420278855631704
4,3.4255898684257655
4,3.192044769966582
4,0.9719067226633794
4,3.2176736025738455
4,2.4668740276451886
4,4.3899482308334665
4,3.1157125620360198
4,8.82545459264338
4,4.5099208990079145
4,8.487393613667605
4,0.18500049182580702
4,6.870279428179806
4,7.718192184368823
4,6.823537632383818
4,4.661475888988315
4,5.685326754634229
4,4.983696354472347
4,0.9516845632567671
4,6.189811777905213
4,8.284846536165652
4,2.8046396186173483
4,3.3985727909404106
4,4.73799094527428
4,3.4932503885864725
4,5.569620380164429
4,0.8050937983427632
4,7.415886392657065
4,3.29022242208165
4,3.874714272016909
4,7.717311813660029
4,8.406888390975034
4,5.0115905262479705
4,2.7142742955188717
4,5.050058384791172
4,8.859194918159513
4,0.7061928452692762
4,3.943273849814241
4,7.428352680409387
4,3.575243876079295
4,7.739061932584611
4,6.940777744757412
4,7.95491830474409
4,4.613709241657601
4,3.246352856058262
4,3.534797909088847
4,5.19571162720287
4,1.4511719691017144
4,4.180729973404771
4,4.5770499703408545
4,8.037087574643362
4,8.941042275632407
4,8.277511625699091
4,5.622073541122423
4,8.159445726633198
4,5.169020032729048
4,3.5584110071931248
4,2.6046323811451955
4,6.466209885520329
4,3.2629768140776423
4,6.877300288590203
4,4.276556956640814
4,5.809291222042079
4,4.868048924040407
4,5.540325060308653
4,8.884552194548625
4,8.114119243170803
4,7.5015364792560195
4,3.489629885208542
4,9.264360231561444
4,1.3120303655614838
4,6.901661199724859
4,5.697498451886175
4,0.8275945229133285
4,9.603925201766474
4,6.106521747438834
4,0.5563245120979924
4,0.9679191239752657
4,8.247379981562425
4,6.4055534111291355
4,6.867857763308704
4,6.858666446214094
4,7.979578157511393
4,4.891484491361831
4,4.222971405555074
4,8.100737034035678
4,5.768305513242358
4,6.221849717747666
4,2.773319386084033
4,0.5988280737498057
4,1.1654330531165042
4,7.38193896516271
4,7.525773342162881
4,2.546851970704445
4,1.8601032076429278
4,1.1900356098206966
4,6.266812579233784
4,7.877261204620093
4,3.595018255660818
4,8.108741900176602
4,5.455595769859965
4,4.597826321786848
4,3.4468509206739935
4,5.933409711076233
4,7.050600914695936
4,4.366895227498416
4,0.7947979184238813
4,8.958039142744921
4,6.97450027293107
4,3.0650093265597422
4,4.493172576434866
4,3.9707807467186185
4,7.368486797735249
4,6.151985585120233
4,0.7522374667988438
4,5.698516768097514
4,1.3534522890239429
4,5.039767748281812
4,8.032591134095865
4,4.228675862067987
4,9.119374873631557
4,6.168378442562734
4,3.611445595567878
4,6.977027584544533
4,7.118324513612405
4,8.530892416797617
4,6.901320218974547
4,7.832332720279764
4,9.97195354472099
4,4.368059192021233
4,6.946627466346143
4,5.270653727072933
4,4.220732943187328
4,0.5738267307205751
4,4.76811439377861
4,6.754457756682345
4,9.70798621512492
4,3.4561288273143966
4,5.658990553695264
4,4.9713442382768065
4,0.7904646122276454
4,4.873211630044213
4,7.2682754237865925
4,3.110287661460132
4,3.0785818556079683
4,5.169922471347855
4,6.2397534262718315
4,6.681525683625439
4,6.936560406485109
4,5.847807096465121
4,7.293614519203263
4,3.52635123370002
4,1.188633018743733
4,5.966177368552957
4,0.7464721045833149
4,3.371906346982797
4,6.263028471435586
4,0.9151518133868776
4,7.196753141754019
4,3.997081473046091
4,7.436884516133079
4,6.061089727538244
4,5.794907327430215
4,4.3317614754940434
4,6.03430729791658
4,7.742691151763341
4,8.072391990534122
4,7.489877592432931
4,7.36250471244031
4,5.615380672583896
4,2.718590971857315
4,7.396366918443943
4,7.861661314286285
4,3.882148903876284
4,4.16001672654358
4,3.115043026023968
4,3.136497481738319
4,3.0607850448348377
4,6.0264742050783395
4,3.8444002191854483
4,3.7733621152136174
4,0.6576052733172784
4,4.399484937204456
4,8.946557737643529
4,6.6856514900638695
4,9.203064934920604
4,1.4793059101724373
4,3.1434752880123322
4,5.38960669098854
4,7.952126259447768
4,5.175896175653039
4,4.099253309117951
4,5.323346853004418
4,8.180880254028377
4,7.6893382170401186
4,3.466546662510759
4,6.442194172777343
4,8.33964702885324
4,3.208082048412942
4,8.037968335965342
4,6.36439066317144
4,4.762873519822499
4,7.12803567905727
4,8.05828194355771
4,4.105061366388176
4,1.1404432931435822
4,3.6382122772283254
4,0.8645331476542473
4,2.623678045380652
4,5.350364893366231
4,4.160767014255866
4,5.0672112765787825
4,9.090550834694778
4,9.149878708466279
4,3.598040237943408
4,3.9766723221571247
4,3.452581249963675
4,7.54057709183887
4,1.4767902746499075
4,4.82459036359004
4,8.004113872021398
4,2.4922906983791773
4,3.699698543933197
4,8.807966916459256
4,5.131751623938322
4,3.5076970416637288
4,4.4308968739347625
4,9.363459111935258
4,0.575803990958017
4,8.955475210842968
4,0.38951366118370345
4,6.365267980393805
4,3.8817142979512758
4,5.741058607866826
4,3.824479843444024
4,7.426558682241193
4,2.797756948262588
4,3.5693524236353036
4,7.853382441774845
4,2.5305487948372063
4,8.821525239430139
4,6.8848299108139575
4,3.7762729745130814
4,8.742926797723236
4,0.39626428067642716
4,0.9047503698781733
4,5.405433910363527
4,0.7712795160031504
4,1.1886521027094006
4,5.2096291263069725
4,5.732605982278549
4,0.4614819535520591
4,7.64079464689442
4,2.7581749531657485
4,3.4014480367201063
4,4.666841817247131
4,6.365896798435218
4,3.385514788912814
4,1.410347940062584
4,3.380938542586889
4,3.4592658756181143
4,6.216916024984201
4,7.86619832882402
4,5.552261204289484
4,2.084543058613599
4,3.898638509631282
4,4.317296134390037
4,7.57495191527526
4,5.9485883093806216
4,6.825110194177146
4,4.5604928875337105
4,8.732877417739363
4,5.356906091453627
4,6.963282753240805
4,3.763365167565964
4,3.3107876825276663
4,4.813049371843702
4,7.757498988239581
4,4.178999589282727
4,7.358722390557291
4,6.571994854270766
4,3.535340281909652
4,4.909837707643284
4,6.416928235746437
4,6.530045623613971
4,7.5572335338798196
4,6.118231162200331
4,7.756882408613849
4,3.777692544331604
4,3.0191271613390156
4,1.089699230309093
4,3.9997877925407694
4,3.2585136970613937
4,3.711353909837532
4,5.503186692186466
4,4.150239297490044
4,4.180792689531128
4,5.392358570298268
4,1.3651635716995623
4,3.1264342509965437
4,7.414261827362411
4,8.473050271241743
4,7.476938303409553
4,5.680584903063053
4,4.353786541391619
4,4.714731815858393
4,2.9395586887997704
4,6.574065235514094
4,2.38490979623178
4,4.68766991833313
4,4.332309911961992
4,6.364940658832838
4,7.354734643011675
4,8.505246198765644
4,1.4692951345937864
4,7.031461315323551
4,8.146939960939045
4,2.8733567100171715
4,1.478368556197593
4,2.975578655035599
4,3.7080827842758883
4,6.553659090436344
4,6.174202184798994
4,6.757046176831578
4,3.0867259530449833
4,6.628904192144439
4,8.205652260320095
4,0.46379189069234517
4,9.748472743039617
4,0.9554681646438632
4,9.249745670824638
4,2.6374696018254373
4,3.6723994960322015
4,3.8231204591913155
4,6.914293059092579
4,8.489191608655002
4,7.166334646537186
4,7.12833191319317
4,9.06678336791738
4,5.775991781928192
4,7.04793720474397
4,4.5763198659700315
4,5.633067641605023
4,2.88134859574214
4,5.042704462210159
4,2.543547586786299
4,8.170908562087307
4,7.749830132543859
4,4.433944052067337
4,5.544170351318535
4,3.8383576631526886
4,2.926893019338457
4,9.211564624958095
4,3.3839592213014438
4,6.852280375458413
4,3.4875838780420425
4,5.166762398397553
4,8.755973433781163
4,0.732343759632858
4,5.113113246858193
4,3.268811656296365
4,4.878018861341314
4,2.940998069040397
4,7.9796308574277175
4,5.354664974131409
4,5.7394804613882595
4,4.326385918784106
4,4.182323547389391
4,3.5629719678498364
4,7.742489832875564
4,6.102766901513392
4,2.0937086097215474
4,7.251723740520088
4,4.989531658893755
4,5.246117931622697
4,1.3263663851694085
4,7.070939036705592
4,8.49171877664714
4,4.176746607408276
4,6.274219419645654
4,8.025096949741053
4,5.667535793976367
4,8.230586541407536
4,5.673552460730305
4,6.792358389640539
4,3.0276687300300966
4,0.9553770359363237
4,8.384206418210622
4,3.8861637631929424
4,6.921922416263652
4,3.4433270453558174
4,6.298831719859531
4,1.8172285714092928
4,3.3441860939990278
4,5.888556338954339
4,4.917647933271854
4,7.593691612822537
4,5.297919838544272
4,7.113956277036448
4,2.943685094014629
4,1.1296185747645033
4,7.0717176036548075
4,0.5054651905911074
4,6.322746807049818
4,4.617719872043699
4,4.320732071276162
4,4.0486512619633945
4,4.379063716394524
4,8.533523495076675
4,5.698224882214914
4,3.2194862759085434
4,7.801676550152118
4,7.363146165375657
4,5.079422994692469
4,4.394993727607799
4,3.8913453869287293
4,4.233388100340756
4,8.700550301039332
4,1.2684990505330573
4,5.550531083983417
4,6.083780971544712
4,7.21636754405258
4,3.732020218531746
4,3.2762256999000923
4,6.10651268546101
4,4.32745599134822
4,6.0926998829816545
4,7.42250607231031
4,7.054777282220009
4,4.8725642896326695
4,4.365006042405012
4,3.4022270595820685
4,8.86164808164479
4,5.058554811466301
4,7.570986388220267
4,4.398999510815755
4,6.581976599364531
4,2.001174879885421
4,9.1058570425617
4,1.3975640273106225
4,6.440620897280894
4,7.796315756465131
4,5.084072329104413
4,5.272492681549184
4,7.699901606999441
4,6.167923762950836
4,2.546847235404057
4,8.078285556450606
4,6.890479578056018
4,0.9638948322932122
4,3.349403191475169
4,2.6864167507401806
4,0.6226367790056951
4,0.6784235076214682
4,4.013965474151752
4,7.596155789637273
4,8.058967619408643
4,4.011432247159761
4,0.6360436914174863
4,6.647777818020828
4,8.15383268854054
4,2.3009870809669093
4,3.6377103671409783
4,4.810985279448813
4,1.934439759308776
4,6.96820051843387
4,1.335032191492695
4,4.275744868810255
4,5.5002071235936505
4,7.0336240151970415
4,6.114374196798433
4,4.36518320509877
4,7.110365937411261
4,5.226676324180388
4,6.253102869116116
4,6.549211680232285
4,8.880924129661695
4,4.362976083763392
4,2.8561843056482785
4,7.2654718845707595
4,7.597088839711744
4,7.1270598224830115
4,7.6431790095261
4,4.459614336335512
4,5.390778494921613
4,8.842906928243735
4,7.398460571991009
4,3.7642592384760722
4,0.6161285972545983
4,8.011511698538705
4,6.475076960623209
4,3.1818369353217504
4,1.1335359996917933
4,3.312886754793171
4,1.7285594077635984
4,3.268021227416977
4,8.650578758894284
4,2.9842464524136427
4,8.147141015432938
4,4.310726674555933
4,7.063469038449224
4,6.199766782002006
4,1.8206509846222434
4,0.9812623293097822
4,6.3746277642652505
4,3.828345807657703
4,3.5155711831056324
4,5.514315617711676
4,4.9991363593269895
4,1.2653343275933489
4,7.1785256121377925
4,7.4182559733585585
4,7.01533681822486
4,2.7459293790512884
4,7.539900653245389
4,7.5586713754054555
4,8.626834067939367
4,7.948185481087683
4,6.1926924615541985
4,4.51934965178773
4,6.514652534783425
4,4.46864529157637
4,4.758432387642054
4,0.5020767137685305
4,7.96693367734296
4,2.1791711177122868
4,8.312160608728647
4,6.794528319304355
4,5.838743027828405
4,6.5825558109451565
4,1.0431768875027811
4,4.2806896517765525
4,3.6436939591279316
4,6.460163259578587
4,4.098885094581129
4,4.247386603358747
4,7.102820622881616
4,7.7646763297441845
4,0.9114413998209577
4,7.680595017688009
4,2.5013654814046666
4,3.670345646198736
4,3.805210939515286
4,7.873756320742145
4,2.7238907150962626
4,5.976901936638786
4,8.199191015981755
4,2.569593278812032
4,4.440539589187917
4,9.012429362515357
4,8.637865981830979
4,3.894989481788433
4,4.040318889348225
4,5.008327298090749
4,0.8126037875530284
4,6.461488745256229
4,0.7346318046989658
4,2.9178399231610754
4,7.684773403310206
4,6.441481798025567
4,7.293345310646071
4,5.832581571016196
4,8.979567840226013
4,7.051536315002763
4,5.643097554161659
4,4.678926489741992
4,3.1455999279459816
4,2.8344250353040126
4,6.1492905178868895
4,4.582613425115949
4,8.462293064541658
4,8.354561791977336
4,7.499179019887791
4,7.9098854504065095
4,3.358171020962417
4,2.5394687009359593
4,9.541047076485793
4,7.542798433602395
4,7.610665605730846
4,4.943673073730908
4,5.192371027783722
4,7.8025218307690825
4,6.888567488917599
4,7.968928577818252
4,7.891353689407085
4,2.2094210109225303
4,2.8849882380990026
4,2.220774212264764
4,2.8341764014316877
4,5.958951097944035
4,1.086211008044287
4,6.6914007920558545
4,7.127838425807291
4,8.074811280509604
4,7.222805497590449
4,3.206654057881246
4,4.566132773673718
4,7.635569423504982
4,3.1846053517411677
4,6.924772593708609
4,5.745575895436216
4,6.034297068416305
4,8.903122753663386
4,7.036118971055154
4,7.074841480516342
4,8.431752008492005
4,3.587722500114989
4,2.430046723337101
4,3.258174831729937
4,4.454705973668993
4,4.065021034684534
4,3.862842475354369
4,6.067177088617972
4,6.587282481236663
4,9.476089425751816
4,9.436571277689037
4,4.637507773164284
4,1.10117318817195
4,3.4420134572007663
4,8.648571711553803
4,1.5554952969384592
4,8.722585173573142
4,7.04669338212894
4,7.057700418947796
4,7.511721948569699
4,7.726409204929078
4,3.8202465695915673
4,4.42497722111397
4,7.628766519057979
4,3.927268343445559
4,4.24127664992449
4,5.755379787416555
4,1.481592367971432
4,0.6279586420726111
4,1.1464509414510156
4,3.993832912027475
4,5.832324700393669
4,1.1060257367225048
4,3.9644264871769224
4,9.006680874727943
4,7.103984418138207
4,8.325255945896183
4,4.045417463881711
4,4.73978218024523
4,0.34882892200692384
4,5.8044708519941715
4,4.31557081219361
4,4.77475755679905
4,2.9789978472610805
4,4.669373397833818
4,6.343003628296765
4,8.400405178249358
4,5.30136176160079
4,1.381823045123398
4,8.370559860754359
4,6.817704031934344
4,4.704878546007411
4,2.203919821017281
4,4.3151301297236335
4,3.4834869533720196
4,2.7676751200534717
4,5.020597025717397
4,1.3014653477435132
4,3.951088594194752
4,7.925580898897805
4,2.657839264807194
4,7.654553011461139
4,5.489847078102508
4,8.336555496998733
4,7.577764452285574
4,7.220054902211279
4,5.984231729053573
4,4.4925039155912065
4,4.7095824922693765
4,0.2846968252635589
4,0.5009010171767152
4,5.597530261586775
4,5.491887295442144
4,8.043094231791954
4,3.8795773233777777
4,8.178476624249607
4,6.832529936094414
4,4.791680774543327
4,6.588878008055366
4,8.331078608381613
4,7.350490656424246
4,3.929992449176894
4,6.251926867071411
4,5.243963009282703
4,3.231679860661905
4,3.574310619170536
4,9.426742214693933
4,0.5433204295073619
4,4.068737113856893
4,0.8876495553625463
4,6.191196590830085
4,1.6125715287808173
4,1.119711242165216
4,1.2937324131505317
4,5.591819893141725
4,4.791191991711256
4,1.0303024133891658
4,2.5542659699175245
4,9.284479360014688
4,1.239968974777131
4,7.50044381622556
4,4.300316668029844
4,4.414519103856166
4,5.142451626252623
4,0.9483563912401249
4,6.773517851715836
4,3.2902743494966686
4,8.29402605209966
4,5.749554337590037
4,3.5484724350982497
4,6.688363563520369
4,3.011925443254698
4,3.769747048852839
4,5.042870716985503
4,2.3446484071517584
4,7.101751111003509
4,0.5569016088207905
4,5.283498471538778
4,0.8790023208593271
4,6.046156685715122
4,7.750187390544407
4,6.876015016757028
4,4.065612475616642
4,3.9250221621161105
4,8.07705729685447
4,6.181223684610192
4,3.427952823976146
4,3.5285941966356775
4,1.504919372563453
4,7.10309182287161
4,4.470953479179057
4,8.542311050512085
4,3.3118234359063963
4,7.574983802005141
4,6.847066263540386
4,7.1819111855712086
4,5.931638019024654
4,8.343999622909047
4,5.661797283754186
4,5.450572291609425
4,9.294924775014847
4,6.042663009795151
4,3.5753193829228094
4,4.981999367790056
4,1.1378692157263255
4,7.611401217511898
4,1.9788039074831292
4,3.165615074453698
4,5.910394341258566
4,3.4860797160875374
4,1.0336997520907418
4,8.350577550626628
4,5.326403156750249
4,4.42539892460488
4,3.7946457899434325
4,8.177171063662389
4,9.832577867348142
4,7.797830737176476
4,5.490019953142956
4,4.652824095246704
4,8.422326519210166
4,4.71837881840521
4,3.4721253991851593
4,8.871854141873353
4,1.8240409884987074
4,6.502902511913421
4,7.267990995670613
4,6.246764455746586
4,6.934430040781615
4,6.913666748113003
4,2.585111830746002
4,0.839047929998707
4,3.15962042819264
